transaction_id,date,product,region,sales_rep,quantity,unit_price,total_sales,customer_satisfaction
TXN_000001,2023-04-13,Tablet,North,Rep_07,15,149.08,2236.2,2.8
TXN_000002,2023-08-03,Keyboard,South,Rep_02,4,37.14,148.56,3.9
TXN_000003,2023-10-21,Phone,North,Rep_12,1,67.81,67.81,1.1
TXN_000004,2023-02-28,Phone,East,Rep_19,16,54.23,867.68,2.5
TXN_000005,2023-09-01,Headphones,North,Rep_09,3,173.39,520.17,1.3
TXN_000006,2023-03-30,Mouse,North,Rep_02,18,83.23,1498.14,3.7
TXN_000007,2023-09-21,Mouse,West,Rep_04,14,84.3,1180.2,2.2
TXN_000008,2023-02-23,Mouse,South,Rep_04,18,157.28,2831.04,3.4
TXN_000009,2023-10-31,Laptop,South,Rep_08,14,47.24,661.36,4.4
TXN_000010,2023-08-25,Headphones,North,Rep_01,13,36.78,478.14,1.1
TXN_000011,2023-01-09,Headphones,East,Rep_19,12,65.76,789.12,3.8
TXN_000012,2023-06-12,Mouse,North,Rep_07,5,186.0,930.0,4.4
TXN_000013,2023-09-25,Phone,West,Rep_05,16,80.46,1287.36,3.9
TXN_000014,2023-12-26,Tablet,East,Rep_14,3,99.72,299.16,4.4
TXN_000015,2023-01-05,Laptop,East,Rep_15,14,103.82,1453.48,1.4
TXN_000016,2023-06-28,Tablet,West,Rep_04,7,100.32,702.24,4.6
TXN_000017,2023-08-19,Tablet,West,Rep_07,11,48.58,534.38,2.2
TXN_000018,2023-03-27,Laptop,North,Rep_06,10,163.54,1635.4,2.8
TXN_000019,2023-04-18,Headphones,West,Rep_07,11,71.63,787.93,4.6
TXN_000020,2023-10-10,Headphones,South,Rep_08,13,173.54,2256.02,3.1
TXN_000021,2023-11-14,Webcam,East,Rep_09,19,61.19,1162.61,2.6
TXN_000022,2023-11-14,Mouse,East,Rep_17,12,57.84,694.08,1.6
TXN_000023,2023-03-22,Phone,East,Rep_05,2,105.51,211.02,2.4
TXN_000024,2023-05-06,Phone,West,Rep_04,12,95.08,1140.96,1.3
TXN_000025,2023-07-03,Monitor,South,Rep_06,6,79.88,479.28,2.6
TXN_000026,2023-08-28,Phone,West,Rep_03,9,70.95,638.55,3.4
TXN_000027,2023-12-12,Headphones,West,Rep_09,19,76.25,1448.75,3.8
TXN_000028,2023-05-08,Monitor,North,Rep_18,8,36.13,289.04,4.7
TXN_000029,2023-10-25,Laptop,West,Rep_17,16,165.27,2644.32,2.0
TXN_000030,2023-10-31,Keyboard,East,Rep_09,5,181.08,905.4,2.1
TXN_000031,2023-05-27,Phone,West,Rep_01,3,172.7,518.1,3.6
TXN_000032,2023-03-16,Monitor,South,Rep_03,4,180.73,722.92,2.5
TXN_000033,2023-04-09,Mouse,South,Rep_03,18,40.55,729.9,3.6
TXN_000034,2023-06-18,Tablet,West,Rep_20,4,55.08,220.32,2.5
TXN_000035,2023-05-15,Keyboard,East,Rep_14,1,113.08,113.08,3.4
TXN_000036,2023-08-18,Mouse,North,Rep_01,8,129.92,1039.36,3.3
TXN_000037,2023-11-13,Laptop,West,Rep_17,4,14.62,58.48,5.0
TXN_000038,2023-06-07,Laptop,North,Rep_17,6,80.33,481.98,3.2
TXN_000039,2023-04-05,Tablet,North,Rep_01,1,24.32,24.32,2.3
TXN_000040,2023-05-08,Mouse,East,Rep_08,10,187.87,1878.7,1.3
TXN_000041,2023-04-24,Mouse,South,Rep_17,2,58.29,116.58,4.4
TXN_000042,2023-10-26,Headphones,South,Rep_03,7,65.78,460.46,2.0
TXN_000043,2023-01-13,Tablet,West,Rep_01,7,105.29,737.03,1.3
TXN_000044,2023-05-22,Mouse,West,Rep_19,15,81.36,1220.4,2.9
TXN_000045,2023-03-04,Phone,East,Rep_11,17,17.1,290.7,1.5
TXN_000046,2023-09-21,Headphones,West,Rep_06,12,193.4,2320.8,1.2
TXN_000047,2023-12-16,Tablet,South,Rep_10,8,147.96,1183.68,2.3
TXN_000048,2023-05-25,Headphones,South,Rep_05,19,93.4,1774.6,1.7
TXN_000049,2023-11-14,Laptop,South,Rep_01,9,140.81,1267.29,2.8
TXN_000050,2023-04-06,Tablet,North,Rep_01,16,44.74,715.84,4.8
TXN_000051,2023-07-11,Webcam,East,Rep_05,3,57.07,171.21,1.5
TXN_000052,2023-10-12,Phone,South,Rep_20,5,27.89,139.45,1.7
TXN_000053,2023-08-06,Phone,South,Rep_05,7,75.8,530.6,2.6
TXN_000054,2023-01-10,Headphones,South,Rep_19,4,18.61,74.44,3.0
TXN_000055,2023-09-14,Webcam,West,Rep_02,13,40.96,532.48,1.1
TXN_000056,2023-06-09,Monitor,North,Rep_01,12,83.75,1005.0,4.2
TXN_000057,2023-04-11,Mouse,East,Rep_12,1,192.63,192.63,2.1
TXN_000058,2023-01-12,Mouse,East,Rep_17,2,17.4,34.8,3.6
TXN_000059,2023-04-03,Headphones,West,Rep_18,2,59.53,119.06,3.5
TXN_000060,2023-08-05,Laptop,West,Rep_03,4,43.71,174.84,5.0
TXN_000061,2023-02-05,Headphones,South,Rep_05,7,120.3,842.1,2.0
TXN_000062,2023-07-02,Laptop,North,Rep_20,3,29.59,88.77,4.3
TXN_000063,2023-12-08,Monitor,North,Rep_09,19,83.95,1595.05,4.4
TXN_000064,2023-09-22,Monitor,East,Rep_15,14,138.59,1940.26,1.3
TXN_000065,2023-03-10,Webcam,North,Rep_07,4,189.78,759.12,1.4
TXN_000066,2023-02-11,Tablet,East,Rep_11,14,114.41,1601.74,3.8
TXN_000067,2023-08-27,Laptop,North,Rep_06,10,169.02,1690.2,1.3
TXN_000068,2023-05-21,Mouse,South,Rep_05,9,166.15,1495.35,3.1
TXN_000069,2023-12-05,Monitor,North,Rep_07,13,80.42,1045.46,4.9
TXN_000070,2023-05-12,Phone,East,Rep_10,19,157.66,2995.54,4.6
TXN_000071,2023-02-08,Monitor,South,Rep_20,13,12.16,158.08,1.5
TXN_000072,2023-11-13,Tablet,West,Rep_17,7,151.75,1062.25,1.3
TXN_000073,2023-04-27,Tablet,North,Rep_15,12,195.8,2349.6,4.6
TXN_000074,2023-08-01,Keyboard,West,Rep_18,5,58.07,290.35,1.7
TXN_000075,2023-11-01,Phone,East,Rep_16,1,129.24,129.24,3.9
TXN_000076,2023-01-12,Monitor,West,Rep_08,16,179.15,2866.4,1.7
TXN_000077,2023-06-13,Tablet,North,Rep_04,18,60.53,1089.54,4.9
TXN_000078,2023-05-25,Tablet,North,Rep_14,13,140.1,1821.3,1.3
TXN_000079,2023-03-23,Mouse,South,Rep_18,5,126.55,632.75,3.2
TXN_000080,2023-01-05,Mouse,West,Rep_15,1,157.74,157.74,1.6
TXN_000081,2023-12-07,Mouse,North,Rep_03,17,169.28,2877.76,1.5
TXN_000082,2023-11-07,Tablet,South,Rep_03,17,111.53,1896.01,3.2
TXN_000083,2023-02-22,Tablet,South,Rep_09,10,81.79,817.9,1.5
TXN_000084,2023-02-20,Laptop,West,Rep_02,4,53.44,213.76,2.4
TXN_000085,2023-03-13,Keyboard,East,Rep_18,2,100.48,200.96,4.4
TXN_000086,2023-02-23,Headphones,East,Rep_15,17,35.46,602.82,4.1
TXN_000087,2023-03-07,Monitor,South,Rep_06,7,35.91,251.37,3.4
TXN_000088,2023-12-04,Monitor,North,Rep_06,19,181.79,3454.01,2.8
TXN_000089,2023-12-01,Tablet,North,Rep_04,10,173.85,1738.5,2.8
TXN_000090,2023-11-26,Tablet,South,Rep_13,5,196.21,981.05,1.8
TXN_000091,2023-02-12,Headphones,East,Rep_16,19,112.08,2129.52,1.6
TXN_000092,2023-01-08,Keyboard,West,Rep_03,4,75.68,302.72,3.1
TXN_000093,2023-06-09,Tablet,South,Rep_10,19,17.77,337.63,1.7
TXN_000094,2023-11-22,Phone,South,Rep_17,9,77.64,698.76,3.0
TXN_000095,2023-10-28,Headphones,West,Rep_11,15,129.3,1939.5,4.7
TXN_000096,2023-03-02,Laptop,East,Rep_20,4,163.18,652.72,1.8
TXN_000097,2023-05-07,Headphones,South,Rep_02,14,127.47,1784.58,4.0
TXN_000098,2023-01-14,Headphones,East,Rep_14,19,145.54,2765.26,4.0
TXN_000099,2023-10-01,Webcam,North,Rep_05,3,85.46,256.38,1.7
TXN_000100,2023-02-08,Phone,West,Rep_17,7,26.95,188.65,2.4
TXN_000101,2023-01-25,Mouse,East,Rep_04,3,133.28,399.84,3.1
TXN_000102,2023-02-03,Keyboard,South,Rep_09,8,92.02,736.16,2.3
TXN_000103,2023-06-29,Keyboard,North,Rep_06,2,56.43,112.86,3.4
TXN_000104,2023-10-16,Webcam,West,Rep_11,6,79.42,476.52,1.4
TXN_000105,2023-12-16,Keyboard,East,Rep_08,9,25.24,227.16,3.8
TXN_000106,2023-08-11,Phone,South,Rep_17,11,174.45,1918.95,3.0
TXN_000107,2023-03-03,Mouse,East,Rep_13,15,111.66,1674.9,4.1
TXN_000108,2023-11-22,Laptop,West,Rep_17,4,90.83,363.32,3.1
TXN_000109,2023-01-01,Keyboard,East,Rep_04,6,120.44,722.64,2.3
TXN_000110,2023-09-16,Tablet,East,Rep_10,18,96.31,1733.58,5.0
TXN_000111,2023-01-13,Laptop,North,Rep_09,1,36.38,36.38,3.4
TXN_000112,2023-02-07,Monitor,West,Rep_18,17,171.64,2917.88,1.5
TXN_000113,2023-05-17,Webcam,West,Rep_08,3,22.63,67.89,4.3
TXN_000114,2023-08-17,Tablet,East,Rep_14,3,41.21,123.63,3.1
TXN_000115,2023-05-12,Webcam,West,Rep_07,10,84.56,845.6,3.9
TXN_000116,2023-10-15,Headphones,East,Rep_01,6,112.56,675.36,1.9
TXN_000117,2023-08-13,Webcam,West,Rep_19,2,113.28,226.56,3.2
TXN_000118,2023-07-17,Mouse,West,Rep_20,7,148.8,1041.6,4.2
TXN_000119,2023-06-06,Tablet,South,Rep_01,7,118.9,832.3,3.8
TXN_000120,2023-10-16,Keyboard,South,Rep_01,2,154.87,309.74,1.4
TXN_000121,2023-06-08,Webcam,East,Rep_08,13,34.22,444.86,1.6
TXN_000122,2023-02-16,Headphones,East,Rep_19,13,146.81,1908.53,3.3
TXN_000123,2023-10-09,Phone,South,Rep_08,5,167.09,835.45,3.3
TXN_000124,2023-07-19,Mouse,North,Rep_08,14,126.84,1775.76,3.0
TXN_000125,2023-04-21,Monitor,West,Rep_04,11,187.1,2058.1,4.2
TXN_000126,2023-10-20,Headphones,South,Rep_09,10,156.54,1565.4,2.7
TXN_000127,2023-01-29,Headphones,North,Rep_14,9,185.86,1672.74,1.9
TXN_000128,2023-12-12,Headphones,East,Rep_08,1,175.28,175.28,3.4
TXN_000129,2023-11-05,Monitor,North,Rep_11,9,31.71,285.39,4.7
TXN_000130,2023-07-29,Keyboard,West,Rep_19,17,121.54,2066.18,2.0
TXN_000131,2023-01-25,Laptop,North,Rep_11,6,16.44,98.64,3.5
TXN_000132,2023-06-05,Monitor,North,Rep_17,17,43.83,745.11,3.2
TXN_000133,2023-12-08,Laptop,West,Rep_13,8,105.42,843.36,2.6
TXN_000134,2023-07-30,Phone,West,Rep_08,17,16.94,287.98,3.3
TXN_000135,2023-09-14,Phone,West,Rep_17,15,110.25,1653.75,2.6
TXN_000136,2023-06-15,Tablet,East,Rep_07,4,44.57,178.28,4.0
TXN_000137,2023-09-23,Laptop,East,Rep_18,14,110.05,1540.7,4.5
TXN_000138,2023-01-08,Keyboard,East,Rep_08,3,53.9,161.7,1.4
TXN_000139,2023-08-27,Headphones,West,Rep_02,19,134.02,2546.38,4.2
TXN_000140,2023-03-29,Monitor,West,Rep_05,14,167.74,2348.36,1.6
TXN_000141,2023-08-11,Headphones,North,Rep_19,18,12.47,224.46,1.5
TXN_000142,2023-02-05,Headphones,North,Rep_20,18,179.61,3232.98,2.3
TXN_000143,2023-07-14,Tablet,South,Rep_09,12,167.82,2013.84,2.7
TXN_000144,2023-12-21,Mouse,South,Rep_14,12,36.62,439.44,2.9
TXN_000145,2023-08-12,Laptop,West,Rep_02,19,107.37,2040.03,3.5
TXN_000146,2023-12-25,Mouse,South,Rep_13,11,90.12,991.32,3.8
TXN_000147,2023-10-20,Mouse,West,Rep_09,18,110.64,1991.52,2.1
TXN_000148,2023-01-17,Headphones,North,Rep_10,6,167.65,1005.9,1.6
TXN_000149,2023-01-27,Mouse,West,Rep_13,6,149.12,894.72,3.7
TXN_000150,2023-06-22,Monitor,South,Rep_11,14,18.92,264.88,1.7
TXN_000151,2023-06-30,Webcam,West,Rep_17,11,64.85,713.35,3.9
TXN_000152,2023-08-20,Webcam,South,Rep_05,2,85.36,170.72,2.9
TXN_000153,2023-09-07,Keyboard,North,Rep_13,19,123.06,2338.14,1.6
TXN_000154,2023-07-20,Laptop,North,Rep_11,9,24.28,218.52,3.4
TXN_000155,2023-01-25,Monitor,West,Rep_19,3,24.78,74.34,2.1
TXN_000156,2023-12-20,Keyboard,North,Rep_17,5,27.4,137.0,4.8
TXN_000157,2023-11-07,Webcam,East,Rep_08,12,112.96,1355.52,3.6
TXN_000158,2023-03-22,Laptop,South,Rep_12,16,171.35,2741.6,1.9
TXN_000159,2023-12-31,Laptop,East,Rep_07,10,121.77,1217.7,1.1
TXN_000160,2023-04-27,Mouse,East,Rep_18,19,185.64,3527.16,4.0
TXN_000161,2023-04-13,Tablet,South,Rep_03,3,116.53,349.59,3.8
TXN_000162,2023-07-02,Laptop,West,Rep_13,7,69.91,489.37,3.5
TXN_000163,2023-01-16,Headphones,East,Rep_10,12,54.26,651.12,5.0
TXN_000164,2023-09-08,Webcam,East,Rep_07,13,82.95,1078.35,1.0
TXN_000165,2023-01-29,Webcam,West,Rep_15,12,129.23,1550.76,2.6
TXN_000166,2023-12-25,Keyboard,North,Rep_14,1,55.37,55.37,2.2
TXN_000167,2023-11-20,Laptop,North,Rep_14,5,18.0,90.0,1.2
TXN_000168,2023-11-01,Mouse,North,Rep_05,4,51.47,205.88,1.4
TXN_000169,2023-07-17,Phone,North,Rep_02,14,124.15,1738.1,1.7
TXN_000170,2023-02-21,Headphones,South,Rep_19,8,189.12,1512.96,3.1
TXN_000171,2023-11-26,Keyboard,West,Rep_06,9,45.42,408.78,4.2
TXN_000172,2023-02-23,Monitor,South,Rep_17,17,108.47,1843.99,1.7
TXN_000173,2023-06-27,Webcam,East,Rep_06,17,39.24,667.08,3.5
TXN_000174,2023-03-30,Keyboard,North,Rep_03,14,173.42,2427.88,2.1
TXN_000175,2023-01-29,Laptop,East,Rep_08,2,173.8,347.6,4.7
TXN_000176,2023-08-14,Keyboard,North,Rep_16,15,10.97,164.55,3.0
TXN_000177,2023-02-06,Tablet,North,Rep_18,13,179.95,2339.35,3.0
TXN_000178,2023-08-12,Webcam,West,Rep_02,19,166.69,3167.11,3.2
TXN_000179,2023-08-25,Monitor,North,Rep_16,19,174.95,3324.05,3.8
TXN_000180,2023-12-29,Keyboard,South,Rep_07,10,30.11,301.1,4.5
TXN_000181,2023-02-14,Mouse,South,Rep_11,19,177.02,3363.38,1.9
TXN_000182,2023-02-08,Tablet,North,Rep_12,4,115.67,462.68,1.0
TXN_000183,2023-08-12,Webcam,East,Rep_02,17,116.37,1978.29,3.5
TXN_000184,2023-12-10,Phone,East,Rep_10,16,30.33,485.28,2.7
TXN_000185,2023-11-15,Tablet,South,Rep_04,15,187.09,2806.35,1.7
TXN_000186,2023-08-30,Laptop,South,Rep_01,17,156.49,2660.33,1.2
TXN_000187,2023-04-30,Headphones,North,Rep_12,18,198.13,3566.34,4.0
TXN_000188,2023-08-15,Keyboard,North,Rep_06,12,14.67,176.04,2.5
TXN_000189,2023-02-27,Tablet,West,Rep_17,2,61.99,123.98,1.4
TXN_000190,2023-02-08,Mouse,East,Rep_14,11,51.95,571.45,1.9
TXN_000191,2023-01-27,Tablet,North,Rep_15,12,15.95,191.4,2.7
TXN_000192,2023-03-25,Laptop,South,Rep_06,5,196.96,984.8,1.9
TXN_000193,2023-06-12,Monitor,West,Rep_08,12,116.92,1403.04,1.6
TXN_000194,2023-05-25,Phone,South,Rep_20,8,156.48,1251.84,1.1
TXN_000195,2023-12-15,Headphones,North,Rep_14,3,45.24,135.72,3.4
TXN_000196,2023-08-24,Laptop,West,Rep_02,9,48.1,432.9,4.2
TXN_000197,2023-03-05,Phone,West,Rep_18,8,98.27,786.16,2.9
TXN_000198,2023-04-05,Laptop,West,Rep_06,11,142.05,1562.55,4.6
TXN_000199,2023-09-24,Laptop,South,Rep_15,9,55.99,503.91,3.0
TXN_000200,2023-03-27,Webcam,South,Rep_01,1,116.33,116.33,3.1
TXN_000201,2023-10-16,Mouse,South,Rep_07,1,166.66,166.66,1.5
TXN_000202,2023-12-25,Mouse,East,Rep_12,18,166.07,2989.26,1.4
TXN_000203,2023-11-13,Laptop,East,Rep_09,6,123.01,738.06,3.8
TXN_000204,2023-09-21,Headphones,East,Rep_20,15,164.82,2472.3,3.2
TXN_000205,2023-11-10,Monitor,South,Rep_14,3,17.74,53.22,1.3
TXN_000206,2023-01-12,Keyboard,South,Rep_19,13,101.06,1313.78,4.9
TXN_000207,2023-12-22,Phone,South,Rep_19,19,40.72,773.68,1.9
TXN_000208,2023-12-18,Keyboard,East,Rep_15,3,25.49,76.47,2.0
TXN_000209,2023-11-28,Monitor,South,Rep_20,5,75.73,378.65,3.0
TXN_000210,2023-02-19,Tablet,South,Rep_04,9,93.34,840.06,4.5
TXN_000211,2023-09-19,Phone,North,Rep_12,19,122.55,2328.45,2.5
TXN_000212,2023-01-18,Mouse,West,Rep_04,15,54.8,822.0,4.6
TXN_000213,2023-03-28,Headphones,North,Rep_05,14,194.57,2723.98,1.3
TXN_000214,2023-02-10,Headphones,North,Rep_20,15,122.65,1839.75,3.4
TXN_000215,2023-11-22,Tablet,East,Rep_01,2,173.02,346.04,4.1
TXN_000216,2023-06-13,Mouse,East,Rep_14,15,54.59,818.85,2.3
TXN_000217,2023-04-03,Monitor,West,Rep_11,9,91.87,826.83,4.8
TXN_000218,2023-11-09,Tablet,West,Rep_05,11,149.92,1649.12,4.1
TXN_000219,2023-04-30,Monitor,East,Rep_20,15,174.97,2624.55,2.1
TXN_000220,2023-05-10,Tablet,North,Rep_03,5,187.96,939.8,2.8
TXN_000221,2023-09-02,Phone,West,Rep_10,1,106.37,106.37,2.6
TXN_000222,2023-08-30,Laptop,South,Rep_07,11,13.3,146.3,2.8
TXN_000223,2023-06-27,Webcam,South,Rep_13,6,36.53,219.18,1.6
TXN_000224,2023-08-22,Laptop,East,Rep_08,8,194.28,1554.24,1.6
TXN_000225,2023-12-24,Headphones,East,Rep_11,15,141.6,2124.0,3.7
TXN_000226,2023-04-24,Laptop,West,Rep_08,8,174.28,1394.24,4.2
TXN_000227,2023-10-16,Webcam,North,Rep_09,16,167.1,2673.6,1.4
TXN_000228,2023-08-08,Laptop,North,Rep_16,6,70.44,422.64,4.0
TXN_000229,2023-09-02,Mouse,North,Rep_06,9,30.73,276.57,2.3
TXN_000230,2023-04-12,Laptop,East,Rep_19,2,154.83,309.66,4.5
TXN_000231,2023-05-09,Headphones,North,Rep_12,7,11.09,77.63,3.4
TXN_000232,2023-05-23,Laptop,East,Rep_12,1,55.13,55.13,1.1
TXN_000233,2023-09-24,Mouse,South,Rep_09,14,132.09,1849.26,2.5
TXN_000234,2023-10-09,Tablet,North,Rep_12,2,101.04,202.08,1.6
TXN_000235,2023-10-31,Keyboard,West,Rep_06,12,100.57,1206.84,4.0
TXN_000236,2023-12-30,Keyboard,East,Rep_16,13,166.25,2161.25,3.6
TXN_000237,2023-05-04,Headphones,West,Rep_13,4,186.14,744.56,2.4
TXN_000238,2023-10-17,Monitor,South,Rep_15,4,58.79,235.16,3.1
TXN_000239,2023-05-16,Mouse,North,Rep_13,4,146.35,585.4,2.7
TXN_000240,2023-12-11,Mouse,East,Rep_13,7,139.41,975.87,1.7
TXN_000241,2023-11-08,Monitor,West,Rep_07,10,184.37,1843.7,4.3
TXN_000242,2023-06-21,Tablet,East,Rep_09,10,31.34,313.4,4.2
TXN_000243,2023-09-28,Webcam,North,Rep_05,10,181.0,1810.0,2.2
TXN_000244,2023-06-01,Mouse,East,Rep_04,7,136.83,957.81,1.6
TXN_000245,2023-08-30,Mouse,North,Rep_17,17,150.01,2550.17,1.7
TXN_000246,2023-10-20,Mouse,North,Rep_14,7,113.87,797.09,3.5
TXN_000247,2023-09-11,Mouse,East,Rep_10,3,123.44,370.32,2.7
TXN_000248,2023-06-16,Monitor,South,Rep_19,11,198.34,2181.74,3.4
TXN_000249,2023-04-12,Monitor,West,Rep_05,7,156.8,1097.6,4.6
TXN_000250,2023-03-14,Monitor,North,Rep_17,6,77.45,464.7,4.3
TXN_000251,2023-01-05,Mouse,East,Rep_12,8,177.22,1417.76,2.3
TXN_000252,2023-09-16,Mouse,South,Rep_17,2,198.89,397.78,5.0
TXN_000253,2023-10-13,Tablet,North,Rep_15,12,26.87,322.44,1.8
TXN_000254,2023-07-27,Webcam,West,Rep_08,16,10.23,163.68,4.2
TXN_000255,2023-05-24,Tablet,West,Rep_08,19,38.96,740.24,4.1
TXN_000256,2023-11-17,Webcam,East,Rep_01,6,58.84,353.04,3.4
TXN_000257,2023-02-07,Headphones,South,Rep_13,14,32.35,452.9,2.4
TXN_000258,2023-12-07,Keyboard,West,Rep_04,9,106.85,961.65,4.5
TXN_000259,2023-09-19,Monitor,North,Rep_20,11,119.17,1310.87,1.8
TXN_000260,2023-08-27,Keyboard,South,Rep_10,6,165.32,991.92,4.5
TXN_000261,2023-05-14,Laptop,East,Rep_03,7,67.89,475.23,1.7
TXN_000262,2023-05-10,Webcam,South,Rep_02,14,195.37,2735.18,1.5
TXN_000263,2023-11-06,Webcam,South,Rep_14,14,36.45,510.3,1.7
TXN_000264,2023-01-25,Mouse,West,Rep_15,2,22.95,45.9,4.9
TXN_000265,2023-01-12,Monitor,South,Rep_06,13,187.93,2443.09,1.0
TXN_000266,2023-02-12,Tablet,East,Rep_02,19,83.43,1585.17,2.8
TXN_000267,2023-05-10,Webcam,East,Rep_09,18,20.98,377.64,2.7
TXN_000268,2023-04-09,Webcam,West,Rep_01,14,29.2,408.8,3.0
TXN_000269,2023-04-13,Monitor,North,Rep_20,5,126.89,634.45,3.6
TXN_000270,2023-08-19,Phone,West,Rep_03,5,178.45,892.25,2.5
TXN_000271,2023-04-02,Phone,North,Rep_02,7,149.39,1045.73,1.5
TXN_000272,2023-09-03,Webcam,East,Rep_05,10,139.39,1393.9,1.9
TXN_000273,2023-08-01,Mouse,North,Rep_13,13,195.42,2540.46,1.2
TXN_000274,2023-07-07,Webcam,West,Rep_18,4,174.29,697.16,2.9
TXN_000275,2023-08-21,Mouse,North,Rep_17,6,84.55,507.3,4.8
TXN_000276,2023-01-17,Monitor,West,Rep_01,9,140.75,1266.75,4.4
TXN_000277,2023-11-10,Keyboard,East,Rep_02,8,97.68,781.44,2.5
TXN_000278,2023-08-02,Headphones,West,Rep_13,15,178.98,2684.7,1.6
TXN_000279,2023-03-28,Headphones,East,Rep_01,13,17.22,223.86,1.3
TXN_000280,2023-06-01,Phone,West,Rep_11,8,77.12,616.96,4.9
TXN_000281,2023-07-30,Tablet,North,Rep_08,19,43.08,818.52,2.1
TXN_000282,2023-02-07,Headphones,West,Rep_08,16,193.89,3102.24,3.5
TXN_000283,2023-02-18,Laptop,North,Rep_18,4,157.18,628.72,2.3
TXN_000284,2023-06-13,Tablet,North,Rep_16,8,31.65,253.2,4.2
TXN_000285,2023-08-14,Mouse,East,Rep_09,15,31.05,465.75,2.5
TXN_000286,2023-11-11,Phone,West,Rep_12,18,189.18,3405.24,1.8
TXN_000287,2023-06-23,Phone,East,Rep_07,3,137.58,412.74,4.4
TXN_000288,2023-08-21,Phone,West,Rep_14,13,52.0,676.0,3.9
TXN_000289,2023-05-15,Phone,East,Rep_13,11,70.81,778.91,1.7
TXN_000290,2023-01-29,Keyboard,East,Rep_12,18,50.57,910.26,3.9
TXN_000291,2023-06-20,Headphones,South,Rep_19,1,106.59,106.59,1.6
TXN_000292,2023-01-30,Tablet,East,Rep_08,15,176.66,2649.9,2.8
TXN_000293,2023-05-24,Laptop,West,Rep_08,12,148.03,1776.36,1.8
TXN_000294,2023-11-16,Tablet,West,Rep_14,11,69.08,759.88,3.5
TXN_000295,2023-03-07,Monitor,South,Rep_10,13,112.35,1460.55,4.0
TXN_000296,2023-02-23,Mouse,North,Rep_20,14,48.47,678.58,2.3
TXN_000297,2023-08-31,Tablet,South,Rep_04,6,176.56,1059.36,2.5
TXN_000298,2023-05-12,Phone,North,Rep_08,3,36.19,108.57,1.7
TXN_000299,2023-07-21,Tablet,West,Rep_17,4,44.45,177.8,3.4
TXN_000300,2023-01-04,Webcam,South,Rep_20,3,22.32,66.96,3.2
TXN_000301,2023-09-11,Monitor,West,Rep_19,18,124.41,2239.38,3.0
TXN_000302,2023-07-30,Mouse,South,Rep_04,13,151.73,1972.49,3.1
TXN_000303,2023-06-22,Mouse,East,Rep_20,17,92.46,1571.82,1.3
TXN_000304,2023-09-08,Phone,West,Rep_20,13,42.96,558.48,4.1
TXN_000305,2023-07-17,Mouse,West,Rep_05,11,150.6,1656.6,1.7
TXN_000306,2023-03-02,Laptop,South,Rep_13,3,14.98,44.94,3.8
TXN_000307,2023-12-31,Phone,South,Rep_19,19,59.27,1126.13,2.5
TXN_000308,2023-11-16,Webcam,North,Rep_04,17,92.68,1575.56,1.5
TXN_000309,2023-09-17,Laptop,West,Rep_04,7,104.33,730.31,4.1
TXN_000310,2023-07-01,Headphones,West,Rep_04,12,35.72,428.64,1.1
TXN_000311,2023-12-30,Monitor,South,Rep_10,7,56.93,398.51,2.1
TXN_000312,2023-07-01,Laptop,North,Rep_04,13,60.95,792.35,1.1
TXN_000313,2023-03-25,Monitor,South,Rep_01,11,36.46,401.06,4.1
TXN_000314,2023-03-11,Keyboard,West,Rep_15,18,149.17,2685.06,4.5
TXN_000315,2023-06-03,Mouse,North,Rep_18,14,148.86,2084.04,1.6
TXN_000316,2023-03-28,Laptop,North,Rep_12,17,98.15,1668.55,2.4
TXN_000317,2023-06-10,Laptop,East,Rep_01,4,89.42,357.68,3.1
TXN_000318,2023-03-02,Phone,North,Rep_17,11,22.86,251.46,3.5
TXN_000319,2023-07-17,Mouse,South,Rep_16,10,41.5,415.0,1.9
TXN_000320,2023-11-26,Headphones,South,Rep_12,16,97.43,1558.88,1.2
TXN_000321,2023-10-21,Keyboard,East,Rep_17,10,195.83,1958.3,1.8
TXN_000322,2023-10-04,Phone,East,Rep_08,4,153.78,615.12,4.5
TXN_000323,2023-08-02,Laptop,West,Rep_17,14,55.37,775.18,1.1
TXN_000324,2023-09-05,Mouse,West,Rep_03,8,63.66,509.28,1.4
TXN_000325,2023-10-06,Tablet,East,Rep_11,18,27.75,499.5,1.8
TXN_000326,2023-03-15,Tablet,West,Rep_09,9,119.74,1077.66,2.6
TXN_000327,2023-08-26,Phone,West,Rep_02,10,95.04,950.4,2.3
TXN_000328,2023-12-31,Phone,North,Rep_01,18,42.08,757.44,1.1
TXN_000329,2023-01-08,Monitor,South,Rep_06,16,38.9,622.4,4.9
TXN_000330,2023-10-02,Headphones,West,Rep_01,12,150.55,1806.6,2.7
TXN_000331,2023-01-21,Phone,South,Rep_05,2,41.53,83.06,3.2
TXN_000332,2023-12-19,Phone,North,Rep_03,2,49.85,99.7,1.7
TXN_000333,2023-09-22,Monitor,West,Rep_11,18,31.04,558.72,4.6
TXN_000334,2023-12-30,Monitor,West,Rep_16,2,165.66,331.32,3.8
TXN_000335,2023-09-05,Monitor,South,Rep_09,1,55.58,55.58,4.0
TXN_000336,2023-12-04,Laptop,North,Rep_12,16,119.68,1914.88,2.9
TXN_000337,2023-09-28,Webcam,South,Rep_02,1,33.99,33.99,2.3
TXN_000338,2023-09-05,Monitor,West,Rep_01,7,41.76,292.32,4.3
TXN_000339,2023-12-09,Laptop,East,Rep_06,3,141.89,425.67,2.4
TXN_000340,2023-01-21,Monitor,West,Rep_17,14,154.26,2159.64,4.1
TXN_000341,2023-12-21,Laptop,South,Rep_02,15,59.45,891.75,2.8
TXN_000342,2023-02-07,Keyboard,South,Rep_14,8,34.48,275.84,2.9
TXN_000343,2023-10-08,Headphones,South,Rep_16,14,184.43,2582.02,3.8
TXN_000344,2023-04-20,Monitor,West,Rep_13,10,142.87,1428.7,4.9
TXN_000345,2023-03-04,Phone,West,Rep_06,19,175.82,3340.58,1.5
TXN_000346,2023-06-13,Webcam,West,Rep_14,9,12.36,111.24,3.4
TXN_000347,2023-08-15,Monitor,East,Rep_04,14,151.21,2116.94,4.5
TXN_000348,2023-01-02,Webcam,East,Rep_16,14,74.68,1045.52,2.0
TXN_000349,2023-06-07,Mouse,North,Rep_05,11,199.13,2190.43,2.0
TXN_000350,2023-12-23,Laptop,North,Rep_09,1,150.14,150.14,3.7
TXN_000351,2023-08-04,Headphones,West,Rep_12,8,108.31,866.48,4.6
TXN_000352,2023-06-23,Monitor,North,Rep_08,9,74.75,672.75,4.8
TXN_000353,2023-02-07,Headphones,West,Rep_04,19,55.11,1047.09,2.5
TXN_000354,2023-03-08,Keyboard,East,Rep_09,2,61.6,123.2,3.0
TXN_000355,2023-03-28,Monitor,South,Rep_08,18,78.75,1417.5,2.0
TXN_000356,2023-12-28,Webcam,South,Rep_03,13,101.59,1320.67,2.8
TXN_000357,2023-12-06,Laptop,South,Rep_17,13,112.03,1456.39,1.9
TXN_000358,2023-02-12,Tablet,North,Rep_17,1,74.38,74.38,1.9
TXN_000359,2023-04-16,Tablet,North,Rep_09,9,85.43,768.87,4.3
TXN_000360,2023-10-04,Headphones,North,Rep_11,7,119.21,834.47,1.2
TXN_000361,2023-11-29,Monitor,East,Rep_12,13,84.97,1104.61,4.5
TXN_000362,2023-04-19,Mouse,East,Rep_05,16,66.38,1062.08,1.0
TXN_000363,2023-12-13,Laptop,East,Rep_20,13,167.62,2179.06,3.7
TXN_000364,2023-11-20,Keyboard,East,Rep_08,4,80.12,320.48,4.0
TXN_000365,2023-08-13,Headphones,South,Rep_09,19,77.41,1470.79,3.6
TXN_000366,2023-11-03,Keyboard,South,Rep_09,10,105.41,1054.1,3.5
TXN_000367,2023-01-28,Mouse,North,Rep_06,6,32.91,197.46,4.3
TXN_000368,2023-12-16,Monitor,East,Rep_11,17,142.03,2414.51,2.9
TXN_000369,2023-10-28,Laptop,East,Rep_06,5,33.37,166.85,4.4
TXN_000370,2023-04-17,Laptop,North,Rep_06,3,24.75,74.25,4.2
TXN_000371,2023-07-07,Monitor,East,Rep_09,3,95.52,286.56,2.7
TXN_000372,2023-12-26,Webcam,East,Rep_02,4,84.67,338.68,1.7
TXN_000373,2023-01-07,Monitor,East,Rep_10,1,75.72,75.72,3.6
TXN_000374,2023-05-06,Tablet,West,Rep_02,17,138.65,2357.05,4.4
TXN_000375,2023-07-23,Mouse,North,Rep_03,4,41.8,167.2,4.9
TXN_000376,2023-09-17,Webcam,East,Rep_10,14,15.88,222.32,2.6
TXN_000377,2023-09-19,Mouse,North,Rep_05,15,102.69,1540.35,4.8
TXN_000378,2023-12-23,Monitor,North,Rep_17,6,124.56,747.36,1.4
TXN_000379,2023-02-28,Webcam,South,Rep_04,17,83.25,1415.25,4.9
TXN_000380,2023-11-01,Keyboard,East,Rep_19,13,154.76,2011.88,2.4
TXN_000381,2023-12-20,Tablet,South,Rep_12,19,43.66,829.54,1.9
TXN_000382,2023-05-19,Headphones,West,Rep_03,19,41.4,786.6,1.6
TXN_000383,2023-12-20,Keyboard,West,Rep_18,19,158.65,3014.35,3.5
TXN_000384,2023-09-06,Tablet,West,Rep_05,19,48.25,916.75,2.9
TXN_000385,2023-06-13,Tablet,East,Rep_12,2,147.21,294.42,1.2
TXN_000386,2023-09-03,Monitor,North,Rep_14,5,160.9,804.5,1.1
TXN_000387,2023-03-11,Monitor,West,Rep_20,19,107.45,2041.55,4.5
TXN_000388,2023-07-02,Phone,West,Rep_15,6,109.26,655.56,3.4
TXN_000389,2023-07-11,Tablet,South,Rep_18,18,147.89,2662.02,2.8
TXN_000390,2023-06-24,Keyboard,West,Rep_09,4,163.25,653.0,1.2
TXN_000391,2023-12-03,Keyboard,East,Rep_06,1,179.69,179.69,2.0
TXN_000392,2023-11-21,Headphones,West,Rep_18,14,51.94,727.16,2.9
TXN_000393,2023-12-15,Mouse,West,Rep_16,3,141.58,424.74,4.3
TXN_000394,2023-06-18,Mouse,West,Rep_17,15,198.2,2973.0,1.4
TXN_000395,2023-01-30,Tablet,North,Rep_15,1,74.94,74.94,1.6
TXN_000396,2023-08-20,Monitor,East,Rep_02,9,155.56,1400.04,1.4
TXN_000397,2023-01-23,Monitor,South,Rep_06,14,63.26,885.64,2.2
TXN_000398,2023-03-13,Mouse,North,Rep_19,13,190.06,2470.78,3.1
TXN_000399,2023-01-16,Mouse,West,Rep_16,17,105.12,1787.04,2.9
TXN_000400,2023-11-18,Headphones,West,Rep_02,13,136.7,1777.1,2.1
TXN_000401,2023-08-03,Laptop,North,Rep_09,7,100.52,703.64,1.9
TXN_000402,2023-09-26,Phone,East,Rep_17,19,133.09,2528.71,3.9
TXN_000403,2023-02-01,Phone,West,Rep_20,10,166.07,1660.7,3.7
TXN_000404,2023-01-14,Webcam,East,Rep_04,14,166.28,2327.92,1.6
TXN_000405,2023-09-21,Webcam,South,Rep_11,14,177.58,2486.12,2.1
TXN_000406,2023-02-18,Mouse,South,Rep_06,17,107.11,1820.87,4.6
TXN_000407,2023-03-29,Monitor,North,Rep_11,9,74.67,672.03,4.3
TXN_000408,2023-04-17,Monitor,South,Rep_15,2,69.54,139.08,4.8
TXN_000409,2023-03-24,Keyboard,North,Rep_17,16,187.9,3006.4,3.7
TXN_000410,2023-08-06,Tablet,North,Rep_11,10,36.43,364.3,3.7
TXN_000411,2023-01-24,Laptop,South,Rep_09,17,138.46,2353.82,1.4
TXN_000412,2023-07-30,Phone,West,Rep_07,10,29.91,299.1,3.0
TXN_000413,2023-02-10,Phone,East,Rep_12,16,49.69,795.04,1.0
TXN_000414,2023-01-13,Mouse,West,Rep_09,13,89.0,1157.0,3.6
TXN_000415,2023-11-06,Headphones,North,Rep_13,1,161.29,161.29,2.2
TXN_000416,2023-08-04,Monitor,South,Rep_12,4,150.33,601.32,1.2
TXN_000417,2023-01-28,Monitor,East,Rep_03,1,179.14,179.14,3.7
TXN_000418,2023-02-18,Headphones,North,Rep_10,10,113.32,1133.2,1.1
TXN_000419,2023-06-14,Monitor,South,Rep_10,2,13.67,27.34,1.1
TXN_000420,2023-04-21,Webcam,North,Rep_11,12,123.08,1476.96,4.5
TXN_000421,2023-07-07,Monitor,West,Rep_15,1,69.25,69.25,1.9
TXN_000422,2023-04-02,Phone,North,Rep_02,10,156.33,1563.3,1.7
TXN_000423,2023-08-12,Headphones,West,Rep_12,1,150.42,150.42,1.0
TXN_000424,2023-02-12,Headphones,East,Rep_09,13,195.1,2536.3,3.2
TXN_000425,2023-09-21,Keyboard,West,Rep_08,8,49.35,394.8,1.3
TXN_000426,2023-06-06,Headphones,West,Rep_04,13,152.01,1976.13,4.8
TXN_000427,2023-04-29,Webcam,West,Rep_09,18,132.47,2384.46,1.8
TXN_000428,2023-03-31,Laptop,South,Rep_13,10,180.25,1802.5,2.1
TXN_000429,2023-06-30,Monitor,East,Rep_11,4,83.75,335.0,4.2
TXN_000430,2023-06-24,Phone,South,Rep_17,15,21.52,322.8,4.7
TXN_000431,2023-03-25,Laptop,South,Rep_06,11,18.47,203.17,3.1
TXN_000432,2023-01-15,Phone,South,Rep_18,14,24.49,342.86,3.2
TXN_000433,2023-10-29,Tablet,West,Rep_12,3,41.49,124.47,4.6
TXN_000434,2023-04-18,Mouse,East,Rep_12,16,199.05,3184.8,4.8
TXN_000435,2023-09-29,Keyboard,South,Rep_12,16,87.27,1396.32,2.0
TXN_000436,2023-03-30,Mouse,South,Rep_04,6,128.25,769.5,4.3
TXN_000437,2023-10-12,Keyboard,North,Rep_16,2,142.68,285.36,4.9
TXN_000438,2023-09-04,Webcam,West,Rep_15,10,100.61,1006.1,1.9
TXN_000439,2023-02-08,Phone,West,Rep_09,18,156.61,2818.98,4.3
TXN_000440,2023-02-05,Tablet,West,Rep_10,10,162.9,1629.0,2.3
TXN_000441,2023-11-18,Tablet,East,Rep_03,16,28.13,450.08,4.6
TXN_000442,2023-06-22,Headphones,East,Rep_02,9,39.22,352.98,5.0
TXN_000443,2023-06-09,Monitor,West,Rep_03,7,80.63,564.41,1.2
TXN_000444,2023-12-25,Tablet,West,Rep_20,14,128.19,1794.66,3.3
TXN_000445,2023-03-23,Mouse,North,Rep_20,18,181.42,3265.56,1.4
TXN_000446,2023-09-23,Mouse,North,Rep_17,9,17.4,156.6,1.6
TXN_000447,2023-08-25,Keyboard,West,Rep_19,4,120.51,482.04,2.7
TXN_000448,2023-03-17,Headphones,East,Rep_07,19,37.32,709.08,4.4
TXN_000449,2023-05-13,Monitor,East,Rep_18,4,166.4,665.6,1.8
TXN_000450,2023-08-09,Headphones,South,Rep_14,16,73.0,1168.0,1.3
TXN_000451,2023-11-20,Keyboard,East,Rep_08,3,106.31,318.93,1.2
TXN_000452,2023-06-13,Mouse,North,Rep_17,10,166.71,1667.1,3.2
TXN_000453,2023-09-05,Phone,North,Rep_09,13,17.14,222.82,1.0
TXN_000454,2023-09-06,Mouse,West,Rep_07,6,20.38,122.28,1.8
TXN_000455,2023-03-26,Phone,East,Rep_04,3,177.72,533.16,4.9
TXN_000456,2023-02-07,Tablet,North,Rep_18,4,150.96,603.84,4.6
TXN_000457,2023-12-23,Phone,West,Rep_15,19,44.51,845.69,4.2
TXN_000458,2023-02-08,Keyboard,East,Rep_10,8,135.59,1084.72,3.8
TXN_000459,2023-06-11,Webcam,South,Rep_17,9,61.08,549.72,3.4
TXN_000460,2023-04-21,Laptop,East,Rep_19,5,29.48,147.4,2.5
TXN_000461,2023-03-29,Keyboard,South,Rep_01,15,145.72,2185.8,1.5
TXN_000462,2023-06-16,Laptop,North,Rep_09,17,15.86,269.62,2.4
TXN_000463,2023-09-19,Laptop,West,Rep_16,3,32.59,97.77,3.2
TXN_000464,2023-07-02,Headphones,West,Rep_04,17,82.3,1399.1,2.5
TXN_000465,2023-12-05,Mouse,North,Rep_14,3,12.17,36.51,4.4
TXN_000466,2023-09-04,Laptop,North,Rep_08,19,144.18,2739.42,1.2
TXN_000467,2023-07-12,Tablet,West,Rep_03,16,173.9,2782.4,4.8
TXN_000468,2023-03-21,Headphones,West,Rep_12,10,163.67,1636.7,2.2
TXN_000469,2023-01-22,Phone,West,Rep_03,5,23.47,117.35,4.4
TXN_000470,2023-03-24,Laptop,North,Rep_12,16,40.93,654.88,2.2
TXN_000471,2023-11-27,Laptop,North,Rep_14,12,128.05,1536.6,3.4
TXN_000472,2023-02-28,Keyboard,South,Rep_05,18,92.23,1660.14,1.3
TXN_000473,2023-02-16,Phone,East,Rep_15,1,131.93,131.93,1.5
TXN_000474,2023-08-03,Laptop,North,Rep_08,18,188.84,3399.12,1.3
TXN_000475,2023-06-06,Tablet,West,Rep_09,2,194.43,388.86,4.0
TXN_000476,2023-08-07,Mouse,South,Rep_03,7,60.21,421.47,2.1
TXN_000477,2023-05-04,Keyboard,East,Rep_07,6,194.02,1164.12,1.7
TXN_000478,2023-08-18,Monitor,East,Rep_20,9,27.49,247.41,1.4
TXN_000479,2023-11-18,Phone,East,Rep_10,2,143.72,287.44,2.8
TXN_000480,2023-12-18,Keyboard,West,Rep_02,9,109.89,989.01,4.5
TXN_000481,2023-03-06,Keyboard,South,Rep_19,10,126.33,1263.3,4.5
TXN_000482,2023-09-05,Tablet,West,Rep_01,2,80.98,161.96,1.1
TXN_000483,2023-03-09,Laptop,South,Rep_04,9,95.55,859.95,3.9
TXN_000484,2023-02-15,Laptop,South,Rep_18,6,195.63,1173.78,4.0
TXN_000485,2023-06-27,Tablet,East,Rep_09,15,59.16,887.4,2.8
TXN_000486,2023-09-05,Mouse,South,Rep_20,11,131.16,1442.76,1.8
TXN_000487,2023-02-08,Headphones,West,Rep_01,15,150.36,2255.4,1.9
TXN_000488,2023-03-10,Tablet,South,Rep_03,2,21.88,43.76,1.9
TXN_000489,2023-06-10,Headphones,South,Rep_18,18,80.72,1452.96,4.2
TXN_000490,2023-10-02,Keyboard,South,Rep_06,13,159.49,2073.37,4.0
TXN_000491,2023-04-01,Laptop,North,Rep_06,19,156.44,2972.36,4.2
TXN_000492,2023-10-22,Laptop,South,Rep_02,1,180.12,180.12,3.5
TXN_000493,2023-12-29,Monitor,South,Rep_11,6,91.24,547.44,4.7
TXN_000494,2023-04-02,Tablet,West,Rep_07,11,123.78,1361.58,1.2
TXN_000495,2023-11-06,Keyboard,South,Rep_06,15,63.4,951.0,3.6
TXN_000496,2023-04-12,Laptop,South,Rep_18,16,108.12,1729.92,4.5
TXN_000497,2023-04-19,Tablet,North,Rep_04,19,30.98,588.62,4.7
TXN_000498,2023-10-10,Webcam,East,Rep_05,13,68.48,890.24,2.3
TXN_000499,2023-06-26,Laptop,North,Rep_09,7,54.04,378.28,1.3
TXN_000500,2023-04-19,Mouse,East,Rep_17,9,173.18,1558.62,2.4
TXN_000501,2023-11-09,Tablet,East,Rep_13,9,40.47,364.23,3.9
TXN_000502,2023-04-22,Tablet,South,Rep_05,17,150.72,2562.24,3.9
TXN_000503,2023-01-18,Phone,East,Rep_10,1,75.59,75.59,4.5
TXN_000504,2023-05-02,Laptop,South,Rep_11,19,52.25,992.75,2.0
TXN_000505,2023-09-04,Phone,West,Rep_08,19,73.78,1401.82,4.9
TXN_000506,2023-05-17,Mouse,West,Rep_15,1,112.77,112.77,4.0
TXN_000507,2023-12-20,Webcam,East,Rep_13,1,129.97,129.97,3.8
TXN_000508,2023-09-02,Mouse,North,Rep_07,7,37.14,259.98,1.5
TXN_000509,2023-10-09,Headphones,North,Rep_01,7,156.87,1098.09,1.1
TXN_000510,2023-01-17,Tablet,East,Rep_16,3,116.53,349.59,1.0
TXN_000511,2023-06-05,Phone,West,Rep_09,1,98.36,98.36,2.9
TXN_000512,2023-04-28,Keyboard,South,Rep_09,14,107.01,1498.14,4.5
TXN_000513,2023-05-19,Webcam,West,Rep_02,8,12.95,103.6,1.3
TXN_000514,2023-01-22,Monitor,East,Rep_20,15,112.93,1693.95,3.6
TXN_000515,2023-06-22,Headphones,West,Rep_10,13,162.72,2115.36,2.3
TXN_000516,2023-12-05,Keyboard,East,Rep_04,14,80.78,1130.92,2.9
TXN_000517,2023-11-27,Phone,East,Rep_02,11,186.56,2052.16,3.6
TXN_000518,2023-02-18,Headphones,West,Rep_04,2,156.83,313.66,4.1
TXN_000519,2023-09-07,Headphones,West,Rep_20,16,152.83,2445.28,1.6
TXN_000520,2023-07-30,Headphones,West,Rep_06,7,135.87,951.09,4.0
TXN_000521,2023-08-03,Tablet,South,Rep_10,4,171.99,687.96,2.2
TXN_000522,2023-09-26,Keyboard,North,Rep_08,16,48.43,774.88,3.4
TXN_000523,2023-04-04,Headphones,West,Rep_17,10,106.34,1063.4,3.3
TXN_000524,2023-06-27,Laptop,West,Rep_06,18,192.11,3457.98,3.1
TXN_000525,2023-07-14,Webcam,West,Rep_14,1,110.46,110.46,1.9
TXN_000526,2023-12-22,Headphones,East,Rep_04,10,135.77,1357.7,2.8
TXN_000527,2023-11-22,Laptop,West,Rep_08,5,152.09,760.45,1.1
TXN_000528,2023-03-04,Monitor,West,Rep_14,3,166.62,499.86,3.7
TXN_000529,2023-08-05,Headphones,West,Rep_13,8,149.88,1199.04,4.3
TXN_000530,2023-09-15,Webcam,South,Rep_16,1,119.57,119.57,4.3
TXN_000531,2023-05-20,Keyboard,East,Rep_15,10,11.09,110.9,2.2
TXN_000532,2023-09-26,Keyboard,South,Rep_11,11,78.48,863.28,1.1
TXN_000533,2023-10-31,Webcam,South,Rep_17,6,13.26,79.56,4.0
TXN_000534,2023-07-02,Keyboard,West,Rep_05,11,11.02,121.22,4.5
TXN_000535,2023-05-18,Headphones,East,Rep_11,4,198.23,792.92,3.7
TXN_000536,2023-03-02,Webcam,East,Rep_14,16,123.4,1974.4,2.5
TXN_000537,2023-01-28,Monitor,South,Rep_04,5,199.17,995.85,4.4
TXN_000538,2023-06-19,Keyboard,North,Rep_18,14,20.14,281.96,2.4
TXN_000539,2023-07-01,Tablet,East,Rep_09,11,41.8,459.8,3.6
TXN_000540,2023-12-11,Laptop,West,Rep_07,10,115.39,1153.9,3.4
TXN_000541,2023-05-23,Tablet,South,Rep_14,18,136.87,2463.66,1.2
TXN_000542,2023-04-22,Webcam,South,Rep_20,11,96.18,1057.98,4.8
TXN_000543,2023-05-11,Tablet,North,Rep_06,13,39.2,509.6,3.6
TXN_000544,2023-01-26,Phone,West,Rep_08,12,77.44,929.28,1.3
TXN_000545,2023-07-28,Keyboard,East,Rep_16,16,141.23,2259.68,4.5
TXN_000546,2023-08-27,Monitor,North,Rep_10,9,199.48,1795.32,3.8
TXN_000547,2023-08-11,Tablet,South,Rep_14,8,188.75,1510.0,2.3
TXN_000548,2023-08-19,Webcam,South,Rep_19,12,165.23,1982.76,3.2
TXN_000549,2023-04-08,Keyboard,West,Rep_18,12,41.94,503.28,2.1
TXN_000550,2023-02-21,Laptop,West,Rep_08,3,197.21,591.63,2.8
TXN_000551,2023-02-25,Webcam,North,Rep_10,11,71.99,791.89,2.0
TXN_000552,2023-02-18,Tablet,South,Rep_04,13,21.89,284.57,1.6
TXN_000553,2023-06-15,Keyboard,West,Rep_14,2,167.57,335.14,4.2
TXN_000554,2023-07-11,Webcam,East,Rep_12,8,67.69,541.52,2.1
TXN_000555,2023-12-09,Mouse,North,Rep_02,10,166.25,1662.5,2.8
TXN_000556,2023-03-30,Laptop,East,Rep_10,19,198.44,3770.36,2.3
TXN_000557,2023-11-15,Laptop,West,Rep_20,13,198.0,2574.0,1.1
TXN_000558,2023-03-23,Monitor,South,Rep_19,9,103.59,932.31,3.6
TXN_000559,2023-09-06,Headphones,West,Rep_08,18,33.41,601.38,1.8
TXN_000560,2023-12-03,Laptop,West,Rep_14,6,117.87,707.22,3.6
TXN_000561,2023-05-12,Webcam,East,Rep_06,8,80.71,645.68,1.5
TXN_000562,2023-04-30,Tablet,South,Rep_02,3,51.55,154.65,4.6
TXN_000563,2023-04-06,Phone,North,Rep_06,8,116.17,929.36,2.5
TXN_000564,2023-04-09,Headphones,North,Rep_05,12,115.79,1389.48,1.7
TXN_000565,2023-12-11,Monitor,North,Rep_13,7,121.9,853.3,4.5
TXN_000566,2023-04-24,Monitor,North,Rep_01,13,54.09,703.17,2.4
TXN_000567,2023-09-30,Tablet,East,Rep_14,8,184.94,1479.52,3.4
TXN_000568,2023-11-11,Laptop,West,Rep_16,13,98.93,1286.09,3.5
TXN_000569,2023-09-03,Tablet,West,Rep_18,17,143.78,2444.26,2.6
TXN_000570,2023-04-04,Tablet,West,Rep_17,11,15.79,173.69,3.0
TXN_000571,2023-04-26,Tablet,East,Rep_20,10,156.98,1569.8,2.1
TXN_000572,2023-11-09,Keyboard,East,Rep_02,15,40.53,607.95,1.9
TXN_000573,2023-10-15,Laptop,North,Rep_08,1,156.94,156.94,2.1
TXN_000574,2023-07-09,Phone,East,Rep_11,11,162.27,1784.97,3.3
TXN_000575,2023-12-17,Phone,South,Rep_18,8,186.54,1492.32,2.3
TXN_000576,2023-07-11,Keyboard,East,Rep_11,8,157.3,1258.4,2.2
TXN_000577,2023-05-29,Monitor,East,Rep_17,8,187.31,1498.48,3.6
TXN_000578,2023-07-03,Tablet,East,Rep_20,2,127.73,255.46,4.0
TXN_000579,2023-08-06,Monitor,South,Rep_17,4,193.04,772.16,3.8
TXN_000580,2023-09-04,Keyboard,South,Rep_08,19,69.26,1315.94,2.3
TXN_000581,2023-10-11,Laptop,East,Rep_12,18,198.42,3571.56,1.7
TXN_000582,2023-07-27,Laptop,East,Rep_16,6,21.74,130.44,3.8
TXN_000583,2023-10-14,Headphones,South,Rep_03,14,95.27,1333.78,2.0
TXN_000584,2023-04-28,Keyboard,West,Rep_05,8,119.8,958.4,1.5
TXN_000585,2023-10-10,Laptop,North,Rep_12,15,97.85,1467.75,2.6
TXN_000586,2023-06-11,Headphones,West,Rep_16,18,180.16,3242.88,3.8
TXN_000587,2023-05-09,Mouse,North,Rep_20,2,45.08,90.16,4.3
TXN_000588,2023-08-02,Tablet,East,Rep_14,1,32.22,32.22,3.4
TXN_000589,2023-10-29,Keyboard,West,Rep_12,5,77.48,387.4,3.9
TXN_000590,2023-04-01,Headphones,West,Rep_03,3,117.65,352.95,2.6
TXN_000591,2023-05-18,Keyboard,North,Rep_05,17,25.72,437.24,1.4
TXN_000592,2023-06-30,Tablet,North,Rep_16,13,121.16,1575.08,4.1
TXN_000593,2023-12-26,Monitor,East,Rep_13,11,111.14,1222.54,3.3
TXN_000594,2023-08-08,Mouse,North,Rep_15,9,16.04,144.36,1.6
TXN_000595,2023-01-31,Phone,West,Rep_05,12,109.48,1313.76,3.5
TXN_000596,2023-11-17,Tablet,East,Rep_17,10,78.25,782.5,1.3
TXN_000597,2023-04-09,Laptop,North,Rep_13,8,40.08,320.64,1.3
TXN_000598,2023-12-03,Phone,South,Rep_15,13,169.77,2207.01,1.6
TXN_000599,2023-05-23,Tablet,West,Rep_03,13,97.23,1263.99,1.1
TXN_000600,2023-07-16,Mouse,South,Rep_15,17,89.94,1528.98,2.9
TXN_000601,2023-01-20,Laptop,North,Rep_14,18,194.52,3501.36,4.4
TXN_000602,2023-02-13,Headphones,West,Rep_03,19,156.98,2982.62,1.3
TXN_000603,2023-04-10,Webcam,North,Rep_17,16,18.89,302.24,4.6
TXN_000604,2023-02-19,Mouse,West,Rep_14,4,88.5,354.0,2.1
TXN_000605,2023-08-27,Monitor,West,Rep_04,8,39.79,318.32,2.7
TXN_000606,2023-10-11,Phone,West,Rep_15,2,115.84,231.68,3.9
TXN_000607,2023-07-20,Webcam,West,Rep_19,2,178.37,356.74,2.5
TXN_000608,2023-05-05,Phone,South,Rep_18,3,27.36,82.08,3.7
TXN_000609,2023-08-09,Tablet,East,Rep_05,2,166.65,333.3,1.0
TXN_000610,2023-05-02,Headphones,South,Rep_10,12,82.02,984.24,4.4
TXN_000611,2023-04-06,Webcam,West,Rep_03,10,118.88,1188.8,4.3
TXN_000612,2023-10-26,Laptop,North,Rep_19,4,71.63,286.52,2.4
TXN_000613,2023-08-02,Monitor,South,Rep_16,3,189.88,569.64,3.5
TXN_000614,2023-09-08,Headphones,South,Rep_01,9,124.67,1122.03,2.7
TXN_000615,2023-09-08,Headphones,North,Rep_15,10,128.32,1283.2,3.0
TXN_000616,2023-08-03,Webcam,East,Rep_10,2,42.48,84.96,4.6
TXN_000617,2023-11-10,Keyboard,West,Rep_16,9,19.95,179.55,1.7
TXN_000618,2023-04-09,Laptop,West,Rep_02,13,67.87,882.31,4.7
TXN_000619,2023-10-25,Keyboard,South,Rep_03,11,89.8,987.8,1.1
TXN_000620,2023-12-12,Headphones,West,Rep_10,12,69.6,835.2,3.4
TXN_000621,2023-11-29,Keyboard,East,Rep_15,2,21.76,43.52,2.1
TXN_000622,2023-09-20,Monitor,West,Rep_13,14,46.95,657.3,4.3
TXN_000623,2023-01-17,Tablet,West,Rep_05,17,52.96,900.32,1.4
TXN_000624,2023-10-19,Phone,East,Rep_16,15,175.43,2631.45,2.3
TXN_000625,2023-03-12,Headphones,West,Rep_15,5,148.23,741.15,3.1
TXN_000626,2023-10-02,Monitor,North,Rep_20,5,154.43,772.15,3.9
TXN_000627,2023-11-15,Phone,West,Rep_13,16,42.55,680.8,2.4
TXN_000628,2023-02-03,Monitor,East,Rep_04,4,178.36,713.44,1.5
TXN_000629,2023-02-07,Monitor,North,Rep_04,15,160.2,2403.0,1.4
TXN_000630,2023-01-05,Mouse,West,Rep_12,11,78.49,863.39,1.3
TXN_000631,2023-10-25,Mouse,South,Rep_03,7,32.28,225.96,3.3
TXN_000632,2023-07-08,Mouse,South,Rep_02,2,92.53,185.06,2.3
TXN_000633,2023-09-30,Tablet,East,Rep_11,16,48.29,772.64,2.1
TXN_000634,2023-12-07,Headphones,North,Rep_01,15,165.49,2482.35,3.0
TXN_000635,2023-11-17,Mouse,West,Rep_04,10,160.38,1603.8,1.4
TXN_000636,2023-10-23,Monitor,East,Rep_10,11,170.91,1880.01,4.6
TXN_000637,2023-07-01,Phone,South,Rep_20,16,11.03,176.48,2.1
TXN_000638,2023-10-08,Webcam,North,Rep_13,10,141.55,1415.5,3.6
TXN_000639,2023-02-11,Laptop,West,Rep_18,16,50.34,805.44,1.2
TXN_000640,2023-02-10,Laptop,West,Rep_09,2,88.16,176.32,3.5
TXN_000641,2023-08-14,Laptop,East,Rep_04,7,129.96,909.72,1.7
TXN_000642,2023-06-08,Monitor,North,Rep_20,2,19.58,39.16,3.3
TXN_000643,2023-10-07,Mouse,West,Rep_14,14,27.08,379.12,4.2
TXN_000644,2023-11-10,Monitor,South,Rep_14,6,145.8,874.8,4.1
TXN_000645,2023-12-22,Monitor,South,Rep_06,1,169.13,169.13,2.2
TXN_000646,2023-12-31,Webcam,East,Rep_14,5,135.75,678.75,2.8
TXN_000647,2023-07-25,Headphones,South,Rep_07,16,181.51,2904.16,1.5
TXN_000648,2023-01-15,Monitor,South,Rep_05,9,97.53,877.77,1.4
TXN_000649,2023-12-09,Laptop,North,Rep_03,14,32.46,454.44,2.4
TXN_000650,2023-03-24,Monitor,East,Rep_05,8,179.94,1439.52,3.1
TXN_000651,2023-11-22,Monitor,East,Rep_08,2,125.36,250.72,1.4
TXN_000652,2023-07-31,Phone,West,Rep_11,11,167.65,1844.15,3.1
TXN_000653,2023-08-06,Headphones,South,Rep_15,14,98.12,1373.68,2.3
TXN_000654,2023-07-13,Webcam,East,Rep_01,6,122.54,735.24,3.5
TXN_000655,2023-06-12,Tablet,West,Rep_09,12,141.75,1701.0,4.2
TXN_000656,2023-08-31,Keyboard,North,Rep_13,6,27.58,165.48,1.1
TXN_000657,2023-03-27,Phone,East,Rep_19,15,127.25,1908.75,1.9
TXN_000658,2023-07-19,Headphones,East,Rep_13,16,63.63,1018.08,3.2
TXN_000659,2023-01-20,Monitor,East,Rep_14,16,30.04,480.64,1.2
TXN_000660,2023-02-11,Keyboard,West,Rep_06,6,109.41,656.46,2.0
TXN_000661,2023-08-18,Webcam,East,Rep_20,1,195.64,195.64,3.9
TXN_000662,2023-09-20,Mouse,South,Rep_14,4,46.09,184.36,2.3
TXN_000663,2023-02-20,Webcam,North,Rep_13,14,149.15,2088.1,4.1
TXN_000664,2023-04-28,Laptop,East,Rep_14,4,85.23,340.92,2.2
TXN_000665,2023-12-14,Monitor,East,Rep_15,13,32.88,427.44,2.4
TXN_000666,2023-02-23,Phone,East,Rep_17,1,106.13,106.13,1.4
TXN_000667,2023-08-26,Webcam,North,Rep_19,13,31.88,414.44,1.0
TXN_000668,2023-02-16,Laptop,South,Rep_07,6,96.52,579.12,3.6
TXN_000669,2023-07-29,Headphones,West,Rep_18,10,100.71,1007.1,2.6
TXN_000670,2023-11-04,Mouse,West,Rep_17,12,84.43,1013.16,3.5
TXN_000671,2023-08-06,Laptop,North,Rep_03,7,123.09,861.63,1.5
TXN_000672,2023-10-19,Phone,North,Rep_18,11,117.51,1292.61,1.7
TXN_000673,2023-01-16,Headphones,West,Rep_14,4,126.74,506.96,4.0
TXN_000674,2023-02-08,Monitor,South,Rep_04,11,160.37,1764.07,4.1
TXN_000675,2023-06-30,Mouse,East,Rep_13,1,71.39,71.39,2.6
TXN_000676,2023-02-13,Headphones,South,Rep_05,19,108.09,2053.71,1.0
TXN_000677,2023-02-02,Keyboard,East,Rep_09,12,190.6,2287.2,4.5
TXN_000678,2023-11-28,Tablet,East,Rep_02,1,117.71,117.71,3.6
TXN_000679,2023-06-21,Mouse,West,Rep_06,3,45.96,137.88,1.9
TXN_000680,2023-12-30,Mouse,West,Rep_17,11,167.0,1837.0,3.0
TXN_000681,2023-01-22,Headphones,North,Rep_16,6,98.56,591.36,4.5
TXN_000682,2023-06-16,Laptop,South,Rep_13,19,128.87,2448.53,4.3
TXN_000683,2023-08-03,Mouse,East,Rep_07,10,113.17,1131.7,2.8
TXN_000684,2023-12-05,Monitor,East,Rep_06,15,123.62,1854.3,3.0
TXN_000685,2023-05-27,Monitor,East,Rep_04,8,169.44,1355.52,1.0
TXN_000686,2023-02-14,Webcam,North,Rep_14,16,117.54,1880.64,4.8
TXN_000687,2023-11-23,Phone,West,Rep_17,6,166.24,997.44,3.6
TXN_000688,2023-01-01,Webcam,North,Rep_18,16,170.01,2720.16,1.7
TXN_000689,2023-07-07,Monitor,North,Rep_11,16,139.31,2228.96,3.8
TXN_000690,2023-01-25,Monitor,South,Rep_19,13,27.32,355.16,2.3
TXN_000691,2023-06-09,Monitor,North,Rep_04,8,134.06,1072.48,1.7
TXN_000692,2023-11-19,Webcam,East,Rep_13,6,148.44,890.64,1.9
TXN_000693,2023-01-25,Mouse,South,Rep_13,18,161.53,2907.54,2.9
TXN_000694,2023-11-15,Laptop,East,Rep_11,13,63.31,823.03,4.4
TXN_000695,2023-11-05,Monitor,West,Rep_09,14,167.82,2349.48,3.5
TXN_000696,2023-08-02,Headphones,West,Rep_01,19,73.5,1396.5,4.3
TXN_000697,2023-06-29,Keyboard,South,Rep_03,17,191.87,3261.79,2.8
TXN_000698,2023-10-21,Keyboard,West,Rep_13,16,130.23,2083.68,1.5
TXN_000699,2023-08-24,Laptop,North,Rep_06,8,34.24,273.92,2.4
TXN_000700,2023-03-05,Phone,North,Rep_11,11,89.49,984.39,2.4
TXN_000701,2023-08-13,Tablet,West,Rep_18,7,115.16,806.12,1.3
TXN_000702,2023-10-30,Webcam,West,Rep_06,10,99.88,998.8,2.3
TXN_000703,2023-09-02,Tablet,North,Rep_20,8,125.92,1007.36,2.0
TXN_000704,2023-04-27,Mouse,South,Rep_09,9,44.72,402.48,3.0
TXN_000705,2023-09-06,Phone,South,Rep_08,6,14.55,87.3,1.5
TXN_000706,2023-12-21,Laptop,West,Rep_13,19,128.88,2448.72,2.0
TXN_000707,2023-01-01,Phone,East,Rep_02,13,103.96,1351.48,4.6
TXN_000708,2023-08-14,Phone,East,Rep_09,19,126.21,2397.99,3.3
TXN_000709,2023-12-02,Tablet,North,Rep_06,18,68.22,1227.96,3.4
TXN_000710,2023-03-11,Headphones,South,Rep_10,16,43.69,699.04,3.1
TXN_000711,2023-09-01,Monitor,East,Rep_08,9,124.92,1124.28,3.7
TXN_000712,2023-05-17,Keyboard,North,Rep_20,17,13.83,235.11,3.8
TXN_000713,2023-09-18,Tablet,North,Rep_04,18,178.32,3209.76,5.0
TXN_000714,2023-11-26,Webcam,East,Rep_14,9,177.15,1594.35,1.2
TXN_000715,2023-04-27,Tablet,West,Rep_13,5,36.24,181.2,3.7
TXN_000716,2023-03-15,Mouse,South,Rep_07,9,154.4,1389.6,4.9
TXN_000717,2023-12-07,Tablet,East,Rep_18,14,81.05,1134.7,2.3
TXN_000718,2023-07-02,Mouse,East,Rep_10,2,193.39,386.78,3.9
TXN_000719,2023-07-14,Monitor,West,Rep_05,18,49.25,886.5,1.9
TXN_000720,2023-11-11,Webcam,West,Rep_09,15,185.09,2776.35,2.5
TXN_000721,2023-08-05,Laptop,East,Rep_06,3,170.76,512.28,3.6
TXN_000722,2023-01-30,Webcam,East,Rep_08,16,102.37,1637.92,1.3
TXN_000723,2023-03-21,Tablet,North,Rep_07,10,113.73,1137.3,4.4
TXN_000724,2023-02-03,Headphones,South,Rep_17,6,141.16,846.96,3.7
TXN_000725,2023-11-27,Monitor,East,Rep_11,19,68.15,1294.85,4.4
TXN_000726,2023-03-19,Webcam,East,Rep_08,16,72.48,1159.68,4.5
TXN_000727,2023-04-22,Laptop,North,Rep_08,7,35.02,245.14,3.7
TXN_000728,2023-07-15,Webcam,East,Rep_01,3,42.08,126.24,2.9
TXN_000729,2023-08-18,Mouse,North,Rep_01,9,165.9,1493.1,1.8
TXN_000730,2023-06-14,Tablet,West,Rep_03,17,97.57,1658.69,3.8
TXN_000731,2023-04-09,Headphones,East,Rep_17,16,142.43,2278.88,2.2
TXN_000732,2023-04-26,Mouse,East,Rep_15,18,68.2,1227.6,4.8
TXN_000733,2023-09-28,Phone,East,Rep_13,8,142.09,1136.72,2.2
TXN_000734,2023-12-18,Mouse,South,Rep_15,17,52.09,885.53,2.4
TXN_000735,2023-12-15,Headphones,West,Rep_06,7,177.18,1240.26,1.3
TXN_000736,2023-12-13,Laptop,West,Rep_20,17,95.74,1627.58,2.7
TXN_000737,2023-09-02,Mouse,West,Rep_17,5,165.85,829.25,1.5
TXN_000738,2023-12-02,Headphones,South,Rep_06,2,186.86,373.72,2.2
TXN_000739,2023-11-21,Tablet,West,Rep_09,16,81.52,1304.32,2.7
TXN_000740,2023-07-04,Webcam,South,Rep_02,11,183.85,2022.35,1.7
TXN_000741,2023-09-08,Headphones,North,Rep_01,18,147.33,2651.94,1.5
TXN_000742,2023-09-17,Laptop,West,Rep_10,11,151.37,1665.07,1.4
TXN_000743,2023-08-16,Mouse,South,Rep_17,16,54.2,867.2,2.6
TXN_000744,2023-01-18,Headphones,North,Rep_10,17,94.39,1604.63,4.5
TXN_000745,2023-05-26,Mouse,South,Rep_04,19,16.03,304.57,5.0
TXN_000746,2023-09-05,Phone,South,Rep_01,7,153.37,1073.59,4.5
TXN_000747,2023-11-01,Mouse,South,Rep_09,11,60.74,668.14,1.0
TXN_000748,2023-11-28,Monitor,West,Rep_06,19,13.47,255.93,5.0
TXN_000749,2023-07-01,Phone,East,Rep_03,15,45.13,676.95,2.5
TXN_000750,2023-01-22,Mouse,North,Rep_16,19,72.73,1381.87,3.8
TXN_000751,2023-05-02,Headphones,South,Rep_03,14,138.06,1932.84,3.5
TXN_000752,2023-02-26,Laptop,West,Rep_06,3,154.57,463.71,1.3
TXN_000753,2023-06-28,Tablet,South,Rep_08,16,42.07,673.12,1.8
TXN_000754,2023-03-06,Keyboard,East,Rep_07,11,12.73,140.03,1.8
TXN_000755,2023-11-23,Monitor,South,Rep_14,2,81.64,163.28,2.8
TXN_000756,2023-04-06,Laptop,North,Rep_12,10,46.91,469.1,4.2
TXN_000757,2023-10-15,Tablet,South,Rep_06,1,39.6,39.6,4.2
TXN_000758,2023-02-14,Monitor,East,Rep_01,13,191.57,2490.41,1.2
TXN_000759,2023-04-19,Headphones,South,Rep_01,5,36.83,184.15,3.0
TXN_000760,2023-10-21,Keyboard,East,Rep_03,14,100.85,1411.9,1.8
TXN_000761,2023-02-03,Keyboard,South,Rep_18,9,184.35,1659.15,4.7
TXN_000762,2023-04-15,Phone,East,Rep_10,14,137.57,1925.98,1.6
TXN_000763,2023-08-14,Keyboard,East,Rep_15,17,90.94,1545.98,2.2
TXN_000764,2023-07-23,Phone,East,Rep_17,9,109.96,989.64,1.8
TXN_000765,2023-07-06,Mouse,East,Rep_13,2,81.86,163.72,2.4
TXN_000766,2023-08-03,Laptop,North,Rep_16,1,172.19,172.19,2.0
TXN_000767,2023-06-15,Laptop,North,Rep_05,8,49.34,394.72,4.4
TXN_000768,2023-12-18,Laptop,North,Rep_18,9,75.14,676.26,4.9
TXN_000769,2023-06-17,Webcam,South,Rep_13,18,178.05,3204.9,4.5
TXN_000770,2023-02-11,Laptop,North,Rep_14,5,123.88,619.4,4.0
TXN_000771,2023-08-11,Laptop,North,Rep_15,15,177.37,2660.55,3.0
TXN_000772,2023-09-04,Mouse,West,Rep_03,14,192.69,2697.66,2.4
TXN_000773,2023-10-25,Laptop,West,Rep_03,12,154.81,1857.72,2.7
TXN_000774,2023-02-24,Tablet,South,Rep_07,8,160.85,1286.8,2.4
TXN_000775,2023-12-22,Mouse,South,Rep_16,1,19.74,19.74,2.5
TXN_000776,2023-07-19,Webcam,East,Rep_09,6,130.6,783.6,1.9
TXN_000777,2023-06-03,Laptop,North,Rep_20,7,102.09,714.63,1.9
TXN_000778,2023-03-09,Monitor,South,Rep_17,11,126.5,1391.5,4.6
TXN_000779,2023-02-13,Mouse,West,Rep_16,14,57.91,810.74,1.0
TXN_000780,2023-03-07,Laptop,South,Rep_16,15,73.4,1101.0,3.2
TXN_000781,2023-03-25,Monitor,West,Rep_02,14,124.05,1736.7,4.4
TXN_000782,2023-03-19,Phone,South,Rep_13,2,187.98,375.96,4.6
TXN_000783,2023-10-05,Webcam,West,Rep_19,19,46.43,882.17,2.4
TXN_000784,2023-06-04,Keyboard,North,Rep_11,5,157.59,787.95,2.1
TXN_000785,2023-03-10,Keyboard,North,Rep_06,5,32.63,163.15,1.8
TXN_000786,2023-11-24,Mouse,West,Rep_03,11,143.82,1582.02,2.2
TXN_000787,2023-01-14,Phone,South,Rep_09,6,110.24,661.44,4.3
TXN_000788,2023-05-25,Headphones,West,Rep_10,19,101.63,1930.97,1.7
TXN_000789,2023-04-16,Keyboard,South,Rep_12,4,120.71,482.84,4.0
TXN_000790,2023-12-20,Laptop,East,Rep_12,19,102.57,1948.83,3.0
TXN_000791,2023-01-08,Monitor,West,Rep_08,4,47.54,190.16,4.1
TXN_000792,2023-12-28,Mouse,North,Rep_12,14,172.64,2416.96,2.4
TXN_000793,2023-06-16,Mouse,South,Rep_06,7,64.7,452.9,1.1
TXN_000794,2023-02-13,Mouse,South,Rep_17,10,184.9,1849.0,3.5
TXN_000795,2023-10-21,Tablet,West,Rep_06,10,137.82,1378.2,3.5
TXN_000796,2023-02-08,Laptop,West,Rep_12,18,24.23,436.14,2.0
TXN_000797,2023-10-10,Mouse,North,Rep_11,10,21.77,217.7,4.2
TXN_000798,2023-02-26,Tablet,South,Rep_18,7,93.2,652.4,1.4
TXN_000799,2023-08-17,Tablet,South,Rep_18,3,173.55,520.65,2.3
TXN_000800,2023-03-29,Headphones,West,Rep_17,12,53.96,647.52,4.9
TXN_000801,2023-07-05,Webcam,North,Rep_04,1,124.15,124.15,4.4
TXN_000802,2023-07-29,Keyboard,South,Rep_16,19,48.28,917.32,2.3
TXN_000803,2023-10-07,Webcam,North,Rep_13,8,42.66,341.28,2.3
TXN_000804,2023-09-16,Monitor,West,Rep_18,12,182.18,2186.16,2.5
TXN_000805,2023-09-15,Webcam,West,Rep_16,7,187.19,1310.33,1.1
TXN_000806,2023-09-11,Tablet,East,Rep_10,15,177.17,2657.55,3.9
TXN_000807,2023-06-18,Webcam,East,Rep_07,18,170.54,3069.72,4.0
TXN_000808,2023-12-21,Phone,North,Rep_04,16,39.42,630.72,1.9
TXN_000809,2023-01-26,Laptop,East,Rep_07,16,57.98,927.68,1.8
TXN_000810,2023-05-31,Headphones,North,Rep_10,4,169.34,677.36,1.1
TXN_000811,2023-03-31,Laptop,West,Rep_05,16,17.11,273.76,4.7
TXN_000812,2023-07-01,Phone,South,Rep_13,3,35.4,106.2,2.8
TXN_000813,2023-12-31,Phone,West,Rep_01,14,28.85,403.9,1.9
TXN_000814,2023-04-15,Laptop,East,Rep_06,19,48.91,929.29,2.2
TXN_000815,2023-08-09,Phone,West,Rep_18,19,48.66,924.54,1.2
TXN_000816,2023-10-19,Tablet,East,Rep_09,12,55.41,664.92,4.5
TXN_000817,2023-05-26,Monitor,North,Rep_09,2,153.68,307.36,1.5
TXN_000818,2023-07-26,Tablet,South,Rep_10,16,21.11,337.76,2.5
TXN_000819,2023-12-18,Webcam,East,Rep_14,16,191.25,3060.0,4.5
TXN_000820,2023-03-31,Monitor,North,Rep_09,6,161.18,967.08,3.3
TXN_000821,2023-08-03,Headphones,East,Rep_15,8,135.66,1085.28,4.9
TXN_000822,2023-02-20,Webcam,North,Rep_15,17,146.28,2486.76,3.9
TXN_000823,2023-01-27,Keyboard,South,Rep_17,12,100.34,1204.08,1.3
TXN_000824,2023-08-30,Tablet,West,Rep_04,17,31.12,529.04,4.5
TXN_000825,2023-07-05,Webcam,North,Rep_15,15,166.31,2494.65,3.0
TXN_000826,2023-02-06,Phone,West,Rep_04,13,46.61,605.93,3.9
TXN_000827,2023-01-19,Tablet,West,Rep_02,7,11.81,82.67,4.3
TXN_000828,2023-02-24,Headphones,North,Rep_10,10,72.55,725.5,2.0
TXN_000829,2023-05-08,Laptop,East,Rep_14,8,33.68,269.44,1.7
TXN_000830,2023-08-01,Laptop,South,Rep_20,17,157.15,2671.55,3.4
TXN_000831,2023-06-15,Laptop,North,Rep_14,19,158.87,3018.53,3.4
TXN_000832,2023-08-09,Mouse,East,Rep_06,4,100.63,402.52,4.6
TXN_000833,2023-03-12,Headphones,West,Rep_20,16,192.79,3084.64,3.2
TXN_000834,2023-01-25,Laptop,North,Rep_19,18,71.62,1289.16,2.6
TXN_000835,2023-07-12,Laptop,West,Rep_03,10,119.92,1199.2,3.9
TXN_000836,2023-08-25,Tablet,West,Rep_16,12,26.52,318.24,4.8
TXN_000837,2023-03-28,Webcam,East,Rep_10,2,188.15,376.3,4.8
TXN_000838,2023-10-03,Phone,West,Rep_19,15,111.49,1672.35,3.9
TXN_000839,2023-09-03,Webcam,North,Rep_04,17,177.7,3020.9,4.9
TXN_000840,2023-07-16,Laptop,West,Rep_19,4,124.62,498.48,1.4
TXN_000841,2023-11-21,Laptop,South,Rep_11,19,126.15,2396.85,1.7
TXN_000842,2023-07-28,Webcam,West,Rep_03,9,158.54,1426.86,3.3
TXN_000843,2023-07-30,Tablet,North,Rep_10,1,45.63,45.63,2.0
TXN_000844,2023-11-11,Mouse,West,Rep_14,7,107.11,749.77,1.3
TXN_000845,2023-08-08,Mouse,West,Rep_08,7,175.78,1230.46,3.3
TXN_000846,2023-09-11,Phone,East,Rep_09,4,27.57,110.28,4.5
TXN_000847,2023-07-19,Phone,West,Rep_04,3,114.57,343.71,4.3
TXN_000848,2023-07-23,Headphones,West,Rep_20,14,140.68,1969.52,1.9
TXN_000849,2023-11-07,Headphones,West,Rep_10,1,151.99,151.99,2.3
TXN_000850,2023-06-27,Mouse,South,Rep_15,12,107.68,1292.16,3.3
TXN_000851,2023-05-02,Headphones,East,Rep_07,7,139.44,976.08,3.7
TXN_000852,2023-07-17,Phone,South,Rep_12,13,150.52,1956.76,3.7
TXN_000853,2023-11-22,Keyboard,South,Rep_10,18,68.84,1239.12,1.5
TXN_000854,2023-11-28,Webcam,South,Rep_04,17,127.84,2173.28,1.4
TXN_000855,2023-03-29,Webcam,South,Rep_09,6,154.46,926.76,1.9
TXN_000856,2023-07-30,Keyboard,East,Rep_03,6,195.53,1173.18,2.8
TXN_000857,2023-12-23,Monitor,North,Rep_08,3,60.69,182.07,1.4
TXN_000858,2023-10-29,Webcam,North,Rep_03,6,140.57,843.42,3.5
TXN_000859,2023-09-15,Keyboard,East,Rep_15,2,72.58,145.16,1.5
TXN_000860,2023-11-19,Monitor,East,Rep_07,12,148.13,1777.56,1.2
TXN_000861,2023-11-09,Mouse,North,Rep_08,12,110.98,1331.76,2.7
TXN_000862,2023-05-08,Mouse,East,Rep_07,3,59.53,178.59,1.7
TXN_000863,2023-12-28,Keyboard,North,Rep_07,3,19.72,59.16,2.2
TXN_000864,2023-03-11,Laptop,West,Rep_07,2,59.04,118.08,2.2
TXN_000865,2023-02-14,Mouse,West,Rep_20,14,157.42,2203.88,1.5
TXN_000866,2023-09-09,Monitor,North,Rep_18,8,119.7,957.6,3.1
TXN_000867,2023-10-01,Headphones,West,Rep_10,5,92.65,463.25,2.1
TXN_000868,2023-05-03,Webcam,South,Rep_06,18,51.86,933.48,1.6
TXN_000869,2023-06-05,Keyboard,North,Rep_07,13,98.78,1284.14,4.3
TXN_000870,2023-10-07,Webcam,East,Rep_10,13,19.37,251.81,4.6
TXN_000871,2023-07-06,Webcam,South,Rep_16,2,194.2,388.4,1.5
TXN_000872,2023-03-05,Phone,East,Rep_20,19,92.98,1766.62,3.6
TXN_000873,2023-12-24,Headphones,South,Rep_14,1,168.91,168.91,1.1
TXN_000874,2023-06-13,Headphones,East,Rep_03,18,177.07,3187.26,3.6
TXN_000875,2023-04-13,Keyboard,East,Rep_19,11,93.43,1027.73,1.4
TXN_000876,2023-05-06,Mouse,South,Rep_06,10,20.47,204.7,4.7
TXN_000877,2023-01-10,Laptop,East,Rep_06,4,109.81,439.24,4.7
TXN_000878,2023-08-06,Headphones,West,Rep_08,13,142.91,1857.83,2.4
TXN_000879,2023-09-28,Keyboard,West,Rep_15,1,12.26,12.26,4.6
TXN_000880,2023-07-27,Phone,South,Rep_06,2,137.45,274.9,4.4
TXN_000881,2023-09-21,Tablet,West,Rep_19,7,46.57,325.99,3.5
TXN_000882,2023-12-07,Headphones,South,Rep_16,8,170.31,1362.48,3.3
TXN_000883,2023-04-04,Tablet,South,Rep_05,16,175.23,2803.68,1.2
TXN_000884,2023-08-20,Phone,East,Rep_14,6,19.31,115.86,5.0
TXN_000885,2023-03-14,Keyboard,North,Rep_11,13,15.06,195.78,4.4
TXN_000886,2023-11-24,Mouse,West,Rep_09,5,179.69,898.45,1.5
TXN_000887,2023-10-29,Laptop,East,Rep_10,9,173.13,1558.17,3.1
TXN_000888,2023-06-02,Mouse,South,Rep_02,3,124.43,373.29,1.3
TXN_000889,2023-03-23,Monitor,East,Rep_16,12,137.84,1654.08,2.2
TXN_000890,2023-07-28,Headphones,East,Rep_14,13,120.16,1562.08,4.1
TXN_000891,2023-08-04,Tablet,North,Rep_10,12,19.14,229.68,4.0
TXN_000892,2023-01-28,Laptop,East,Rep_15,8,37.86,302.88,1.6
TXN_000893,2023-09-06,Keyboard,West,Rep_11,1,153.42,153.42,4.7
TXN_000894,2023-03-16,Mouse,East,Rep_07,7,182.17,1275.19,2.0
TXN_000895,2023-09-16,Tablet,West,Rep_15,17,180.2,3063.4,1.8
TXN_000896,2023-05-12,Tablet,North,Rep_03,4,46.14,184.56,2.2
TXN_000897,2023-11-06,Laptop,North,Rep_19,16,90.36,1445.76,1.5
TXN_000898,2023-04-17,Monitor,West,Rep_04,5,28.55,142.75,1.9
TXN_000899,2023-06-18,Webcam,West,Rep_07,2,138.65,277.3,1.1
TXN_000900,2023-10-12,Headphones,East,Rep_09,17,179.29,3047.93,2.7
TXN_000901,2023-02-18,Keyboard,North,Rep_03,16,138.12,2209.92,1.9
TXN_000902,2023-01-02,Mouse,West,Rep_04,19,172.85,3284.15,3.5
TXN_000903,2023-09-27,Mouse,South,Rep_10,3,118.95,356.85,4.8
TXN_000904,2023-03-10,Monitor,West,Rep_18,9,128.58,1157.22,2.1
TXN_000905,2023-07-04,Headphones,South,Rep_10,18,147.0,2646.0,1.1
TXN_000906,2023-12-15,Monitor,East,Rep_16,18,37.76,679.68,4.7
TXN_000907,2023-04-24,Mouse,South,Rep_20,6,13.21,79.26,4.3
TXN_000908,2023-11-09,Laptop,West,Rep_20,4,88.6,354.4,4.7
TXN_000909,2023-10-27,Headphones,North,Rep_09,5,35.79,178.95,1.2
TXN_000910,2023-10-16,Keyboard,South,Rep_09,18,61.63,1109.34,2.4
TXN_000911,2023-03-03,Tablet,East,Rep_12,4,89.07,356.28,1.6
TXN_000912,2023-05-10,Headphones,West,Rep_15,9,135.01,1215.09,4.7
TXN_000913,2023-11-29,Webcam,West,Rep_11,10,144.63,1446.3,2.4
TXN_000914,2023-06-11,Phone,East,Rep_03,7,34.28,239.96,5.0
TXN_000915,2023-01-26,Mouse,North,Rep_10,6,161.31,967.86,4.3
TXN_000916,2023-01-11,Webcam,West,Rep_14,18,37.42,673.56,3.6
TXN_000917,2023-06-30,Tablet,West,Rep_08,18,75.6,1360.8,4.5
TXN_000918,2023-11-25,Tablet,East,Rep_15,8,174.12,1392.96,1.1
TXN_000919,2023-07-30,Keyboard,South,Rep_19,8,130.1,1040.8,3.1
TXN_000920,2023-06-19,Tablet,East,Rep_01,9,37.65,338.85,1.9
TXN_000921,2023-10-06,Mouse,West,Rep_05,12,76.83,921.96,3.3
TXN_000922,2023-05-13,Keyboard,East,Rep_01,13,15.54,202.02,3.0
TXN_000923,2023-08-30,Laptop,South,Rep_16,16,143.4,2294.4,2.9
TXN_000924,2023-05-14,Mouse,East,Rep_09,6,10.14,60.84,3.0
TXN_000925,2023-11-26,Phone,South,Rep_07,6,168.03,1008.18,4.7
TXN_000926,2023-10-05,Mouse,North,Rep_13,16,81.41,1302.56,2.8
TXN_000927,2023-07-02,Laptop,North,Rep_02,15,98.98,1484.7,3.8
TXN_000928,2023-02-03,Webcam,East,Rep_06,3,26.0,78.0,2.4
TXN_000929,2023-07-11,Laptop,West,Rep_12,3,91.67,275.01,3.6
TXN_000930,2023-05-19,Keyboard,West,Rep_18,4,157.6,630.4,1.4
TXN_000931,2023-10-24,Webcam,East,Rep_04,13,87.31,1135.03,5.0
TXN_000932,2023-11-10,Headphones,West,Rep_10,3,130.7,392.1,4.7
TXN_000933,2023-07-27,Headphones,South,Rep_06,19,74.32,1412.08,4.4
TXN_000934,2023-08-20,Webcam,North,Rep_16,3,133.52,400.56,1.2
TXN_000935,2023-11-19,Headphones,North,Rep_01,18,80.06,1441.08,2.6
TXN_000936,2023-12-28,Tablet,North,Rep_08,12,101.94,1223.28,2.4
TXN_000937,2023-03-17,Phone,East,Rep_05,2,48.17,96.34,2.2
TXN_000938,2023-09-24,Headphones,North,Rep_07,17,81.63,1387.71,3.6
TXN_000939,2023-06-14,Mouse,West,Rep_09,11,37.18,408.98,1.1
TXN_000940,2023-01-02,Tablet,North,Rep_20,5,191.13,955.65,3.0
TXN_000941,2023-02-07,Mouse,South,Rep_09,2,155.45,310.9,1.6
TXN_000942,2023-08-13,Monitor,West,Rep_19,5,175.75,878.75,3.6
TXN_000943,2023-04-04,Headphones,South,Rep_03,7,58.11,406.77,3.5
TXN_000944,2023-03-10,Mouse,West,Rep_16,1,35.17,35.17,1.4
TXN_000945,2023-11-28,Phone,West,Rep_16,10,172.67,1726.7,4.5
TXN_000946,2023-05-17,Keyboard,West,Rep_18,18,128.4,2311.2,3.8
TXN_000947,2023-11-15,Webcam,South,Rep_17,16,145.6,2329.6,2.5
TXN_000948,2023-01-04,Mouse,South,Rep_14,16,95.74,1531.84,3.3
TXN_000949,2023-10-16,Keyboard,North,Rep_14,17,100.16,1702.72,3.1
TXN_000950,2023-06-07,Mouse,East,Rep_14,7,74.78,523.46,1.2
TXN_000951,2023-01-18,Phone,East,Rep_05,17,184.38,3134.46,3.1
TXN_000952,2023-07-15,Mouse,North,Rep_17,11,67.97,747.67,1.1
TXN_000953,2023-09-29,Monitor,East,Rep_17,16,114.83,1837.28,3.7
TXN_000954,2023-08-16,Keyboard,West,Rep_02,9,104.53,940.77,1.3
TXN_000955,2023-11-13,Headphones,North,Rep_05,6,64.36,386.16,1.8
TXN_000956,2023-08-14,Phone,South,Rep_07,13,171.98,2235.74,2.4
TXN_000957,2023-05-02,Phone,West,Rep_04,10,60.83,608.3,1.3
TXN_000958,2023-01-24,Tablet,South,Rep_09,18,34.17,615.06,3.6
TXN_000959,2023-11-16,Phone,North,Rep_03,10,110.33,1103.3,2.5
TXN_000960,2023-09-24,Phone,East,Rep_19,16,124.54,1992.64,1.6
TXN_000961,2023-04-11,Monitor,South,Rep_20,18,47.05,846.9,1.4
TXN_000962,2023-08-02,Webcam,South,Rep_08,19,98.61,1873.59,4.5
TXN_000963,2023-08-17,Mouse,East,Rep_09,18,15.22,273.96,4.8
TXN_000964,2023-07-10,Phone,West,Rep_11,3,19.56,58.68,1.1
TXN_000965,2023-01-21,Phone,North,Rep_20,15,35.85,537.75,2.2
TXN_000966,2023-11-02,Phone,West,Rep_09,5,58.39,291.95,1.8
TXN_000967,2023-04-11,Keyboard,North,Rep_17,18,20.04,360.72,4.3
TXN_000968,2023-08-14,Monitor,West,Rep_13,14,116.7,1633.8,2.3
TXN_000969,2023-12-03,Laptop,West,Rep_14,14,14.18,198.52,2.4
TXN_000970,2023-12-10,Webcam,West,Rep_06,18,27.58,496.44,4.1
TXN_000971,2023-02-16,Monitor,North,Rep_11,1,184.92,184.92,1.3
TXN_000972,2023-07-18,Mouse,East,Rep_20,2,109.13,218.26,4.8
TXN_000973,2023-10-11,Webcam,West,Rep_10,14,86.43,1210.02,4.6
TXN_000974,2023-11-05,Laptop,South,Rep_08,4,156.84,627.36,2.5
TXN_000975,2023-06-24,Headphones,West,Rep_07,5,161.71,808.55,2.5
TXN_000976,2023-02-22,Monitor,West,Rep_07,4,23.38,93.52,3.0
TXN_000977,2023-07-16,Monitor,East,Rep_16,15,81.95,1229.25,2.4
TXN_000978,2023-12-26,Headphones,South,Rep_02,7,136.51,955.57,3.2
TXN_000979,2023-02-27,Webcam,North,Rep_10,19,125.28,2380.32,1.0
TXN_000980,2023-03-19,Headphones,West,Rep_08,19,179.46,3409.74,1.5
TXN_000981,2023-11-20,Webcam,South,Rep_19,15,198.24,2973.6,4.4
TXN_000982,2023-09-16,Mouse,West,Rep_06,18,170.08,3061.44,1.4
TXN_000983,2023-08-09,Mouse,North,Rep_01,2,186.39,372.78,4.3
TXN_000984,2023-08-24,Laptop,East,Rep_06,5,128.17,640.85,1.8
TXN_000985,2023-04-14,Laptop,South,Rep_08,1,145.59,145.59,1.6
TXN_000986,2023-09-30,Webcam,East,Rep_03,10,95.92,959.2,4.9
TXN_000987,2023-11-06,Headphones,South,Rep_02,3,76.54,229.62,2.2
TXN_000988,2023-05-19,Laptop,South,Rep_06,7,102.2,715.4,3.3
TXN_000989,2023-08-07,Monitor,East,Rep_17,2,109.93,219.86,4.6
TXN_000990,2023-11-04,Laptop,North,Rep_13,9,75.02,675.18,3.3
TXN_000991,2023-12-07,Laptop,North,Rep_01,6,127.44,764.64,1.3
TXN_000992,2023-08-27,Laptop,East,Rep_11,10,137.05,1370.5,2.9
TXN_000993,2023-06-26,Monitor,East,Rep_14,11,83.41,917.51,4.0
TXN_000994,2023-12-26,Monitor,West,Rep_03,4,181.06,724.24,3.6
TXN_000995,2023-12-24,Headphones,South,Rep_11,4,166.8,667.2,3.8
TXN_000996,2023-02-27,Webcam,East,Rep_07,7,108.46,759.22,4.7
TXN_000997,2023-08-28,Tablet,North,Rep_04,9,97.06,873.54,4.4
TXN_000998,2023-05-25,Keyboard,East,Rep_08,18,120.61,2170.98,3.0
TXN_000999,2023-10-03,Webcam,West,Rep_16,5,74.29,371.45,3.7
TXN_001000,2023-06-02,Webcam,South,Rep_11,13,167.25,2174.25,1.4
TXN_001001,2023-05-21,Headphones,East,Rep_06,19,56.86,1080.34,3.0
TXN_001002,2023-03-03,Phone,South,Rep_08,5,168.31,841.55,2.7
TXN_001003,2023-04-01,Webcam,South,Rep_16,17,198.22,3369.74,2.8
TXN_001004,2023-12-28,Laptop,West,Rep_19,18,175.94,3166.92,3.1
TXN_001005,2023-06-15,Headphones,West,Rep_12,9,152.14,1369.26,1.8
TXN_001006,2023-03-20,Webcam,North,Rep_07,10,178.33,1783.3,4.0
TXN_001007,2023-08-12,Keyboard,South,Rep_06,12,98.4,1180.8,3.3
TXN_001008,2023-09-06,Laptop,West,Rep_20,18,83.58,1504.44,3.9
TXN_001009,2023-07-03,Tablet,East,Rep_09,6,116.81,700.86,4.8
TXN_001010,2023-08-09,Webcam,East,Rep_20,14,145.59,2038.26,1.1
TXN_001011,2023-02-08,Webcam,North,Rep_12,2,194.07,388.14,4.4
TXN_001012,2023-04-23,Phone,North,Rep_03,14,124.12,1737.68,1.9
TXN_001013,2023-07-31,Phone,North,Rep_10,12,141.31,1695.72,2.9
TXN_001014,2023-02-14,Headphones,West,Rep_10,17,155.61,2645.37,2.8
TXN_001015,2023-11-22,Tablet,North,Rep_08,15,185.69,2785.35,3.2
TXN_001016,2023-07-23,Tablet,East,Rep_19,19,129.68,2463.92,4.9
TXN_001017,2023-09-29,Keyboard,East,Rep_17,18,103.56,1864.08,2.1
TXN_001018,2023-08-25,Laptop,West,Rep_05,14,55.26,773.64,4.6
TXN_001019,2023-11-07,Phone,East,Rep_01,10,158.29,1582.9,4.9
TXN_001020,2023-10-07,Monitor,West,Rep_13,12,135.1,1621.2,4.4
TXN_001021,2023-08-17,Mouse,East,Rep_11,16,176.08,2817.28,3.0
TXN_001022,2023-05-08,Laptop,East,Rep_02,2,49.79,99.58,1.9
TXN_001023,2023-11-27,Tablet,North,Rep_12,16,138.47,2215.52,3.9
TXN_001024,2023-04-12,Phone,East,Rep_06,5,115.38,576.9,1.0
TXN_001025,2023-03-12,Tablet,East,Rep_07,19,137.17,2606.23,3.9
TXN_001026,2023-11-20,Tablet,West,Rep_07,17,116.2,1975.4,4.9
TXN_001027,2023-08-13,Mouse,West,Rep_11,19,55.73,1058.87,2.3
TXN_001028,2023-11-29,Mouse,North,Rep_14,1,11.61,11.61,2.1
TXN_001029,2023-04-03,Laptop,South,Rep_05,17,71.47,1214.99,1.8
TXN_001030,2023-01-06,Headphones,North,Rep_07,13,134.64,1750.32,1.0
TXN_001031,2023-09-27,Webcam,South,Rep_16,17,24.8,421.6,1.2
TXN_001032,2023-08-08,Laptop,South,Rep_15,3,177.52,532.56,4.5
TXN_001033,2023-07-21,Tablet,North,Rep_05,14,74.54,1043.56,1.8
TXN_001034,2023-11-30,Laptop,South,Rep_03,15,127.09,1906.35,2.1
TXN_001035,2023-01-12,Laptop,North,Rep_20,11,120.5,1325.5,1.8
TXN_001036,2023-07-04,Monitor,South,Rep_04,10,59.09,590.9,4.7
TXN_001037,2023-02-12,Laptop,South,Rep_18,13,20.85,271.05,3.9
TXN_001038,2023-03-29,Keyboard,West,Rep_16,15,105.32,1579.8,3.1
TXN_001039,2023-09-03,Monitor,South,Rep_12,1,165.49,165.49,1.3
TXN_001040,2023-09-25,Monitor,West,Rep_01,7,93.24,652.68,4.7
TXN_001041,2023-11-10,Headphones,North,Rep_09,9,182.3,1640.7,2.6
TXN_001042,2023-08-18,Keyboard,West,Rep_11,11,103.97,1143.67,2.6
TXN_001043,2023-04-26,Mouse,South,Rep_07,6,140.29,841.74,1.8
TXN_001044,2023-03-23,Mouse,East,Rep_07,2,55.48,110.96,2.3
TXN_001045,2023-10-25,Laptop,East,Rep_02,1,118.73,118.73,2.6
TXN_001046,2023-03-02,Phone,West,Rep_18,4,73.08,292.32,4.2
TXN_001047,2023-12-19,Webcam,West,Rep_13,4,56.81,227.24,3.4
TXN_001048,2023-07-24,Phone,North,Rep_17,2,110.24,220.48,4.0
TXN_001049,2023-06-12,Phone,East,Rep_10,5,110.62,553.1,2.4
TXN_001050,2023-05-18,Mouse,South,Rep_10,14,88.9,1244.6,4.0
TXN_001051,2023-02-25,Phone,West,Rep_07,10,65.99,659.9,1.0
TXN_001052,2023-04-01,Laptop,North,Rep_20,2,171.74,343.48,3.2
TXN_001053,2023-12-22,Laptop,West,Rep_18,13,28.72,373.36,4.3
TXN_001054,2023-10-26,Phone,East,Rep_07,6,26.97,161.82,2.9
TXN_001055,2023-09-29,Phone,North,Rep_17,5,178.88,894.4,3.3
TXN_001056,2023-08-02,Headphones,West,Rep_18,1,172.98,172.98,1.0
TXN_001057,2023-07-21,Tablet,North,Rep_13,4,136.25,545.0,1.0
TXN_001058,2023-12-10,Laptop,West,Rep_03,1,155.21,155.21,4.4
TXN_001059,2023-05-05,Monitor,East,Rep_15,10,139.04,1390.4,5.0
TXN_001060,2023-11-21,Webcam,East,Rep_12,9,121.6,1094.4,2.8
TXN_001061,2023-04-15,Monitor,North,Rep_17,2,199.85,399.7,3.4
TXN_001062,2023-07-07,Tablet,South,Rep_14,2,160.64,321.28,3.1
TXN_001063,2023-09-02,Monitor,West,Rep_16,4,31.44,125.76,1.7
TXN_001064,2023-11-03,Headphones,South,Rep_10,10,12.85,128.5,1.2
TXN_001065,2023-09-14,Monitor,North,Rep_20,1,123.79,123.79,4.5
TXN_001066,2023-04-15,Mouse,East,Rep_10,14,171.61,2402.54,2.2
TXN_001067,2023-03-06,Laptop,West,Rep_16,5,98.8,494.0,1.8
TXN_001068,2023-05-25,Monitor,South,Rep_03,13,120.16,1562.08,3.1
TXN_001069,2023-11-16,Webcam,North,Rep_13,15,192.0,2880.0,2.3
TXN_001070,2023-07-16,Webcam,North,Rep_02,17,136.64,2322.88,1.5
TXN_001071,2023-05-12,Headphones,West,Rep_10,3,144.86,434.58,4.7
TXN_001072,2023-03-15,Phone,South,Rep_10,6,54.48,326.88,1.5
TXN_001073,2023-01-01,Headphones,North,Rep_12,16,172.06,2752.96,4.7
TXN_001074,2023-02-15,Keyboard,East,Rep_11,19,79.66,1513.54,4.9
TXN_001075,2023-10-04,Mouse,South,Rep_09,18,33.02,594.36,2.3
TXN_001076,2023-06-08,Phone,South,Rep_04,4,106.43,425.72,1.9
TXN_001077,2023-12-25,Headphones,North,Rep_11,19,13.69,260.11,3.9
TXN_001078,2023-06-02,Phone,North,Rep_19,7,23.66,165.62,4.3
TXN_001079,2023-06-18,Mouse,South,Rep_16,15,84.64,1269.6,1.6
TXN_001080,2023-03-18,Webcam,South,Rep_02,13,149.24,1940.12,4.4
TXN_001081,2023-10-24,Webcam,South,Rep_05,6,46.31,277.86,4.1
TXN_001082,2023-11-26,Headphones,East,Rep_14,3,172.35,517.05,1.8
TXN_001083,2023-02-14,Tablet,North,Rep_03,3,106.9,320.7,2.9
TXN_001084,2023-01-20,Headphones,South,Rep_08,2,101.85,203.7,1.0
TXN_001085,2023-05-08,Webcam,East,Rep_03,19,173.18,3290.42,2.1
TXN_001086,2023-12-08,Laptop,South,Rep_12,17,162.22,2757.74,4.9
TXN_001087,2023-05-19,Monitor,West,Rep_04,15,82.12,1231.8,4.6
TXN_001088,2023-12-24,Keyboard,North,Rep_20,12,174.54,2094.48,3.3
TXN_001089,2023-11-20,Laptop,North,Rep_16,9,82.63,743.67,3.6
TXN_001090,2023-04-12,Keyboard,West,Rep_19,7,91.15,638.05,2.8
TXN_001091,2023-03-18,Phone,North,Rep_09,2,104.61,209.22,4.5
TXN_001092,2023-03-25,Phone,South,Rep_13,1,155.03,155.03,3.8
TXN_001093,2023-10-30,Keyboard,West,Rep_20,2,56.16,112.32,1.0
TXN_001094,2023-09-25,Tablet,North,Rep_11,14,112.75,1578.5,3.0
TXN_001095,2023-09-03,Headphones,West,Rep_14,12,132.0,1584.0,4.6
TXN_001096,2023-10-28,Mouse,South,Rep_06,7,31.35,219.45,3.6
TXN_001097,2023-09-06,Phone,North,Rep_20,11,41.82,460.02,4.1
TXN_001098,2023-11-09,Phone,North,Rep_02,1,187.62,187.62,2.9
TXN_001099,2023-05-13,Webcam,North,Rep_20,8,39.9,319.2,4.2
TXN_001100,2023-07-12,Monitor,South,Rep_15,6,40.33,241.98,3.7
TXN_001101,2023-03-08,Keyboard,North,Rep_11,7,128.09,896.63,4.3
TXN_001102,2023-03-12,Tablet,East,Rep_12,15,111.38,1670.7,3.7
TXN_001103,2023-05-11,Mouse,East,Rep_16,9,63.14,568.26,2.0
TXN_001104,2023-11-03,Laptop,South,Rep_19,17,114.63,1948.71,4.2
TXN_001105,2023-06-17,Phone,West,Rep_01,15,17.61,264.15,1.0
TXN_001106,2023-08-31,Phone,North,Rep_13,10,59.29,592.9,2.8
TXN_001107,2023-05-20,Headphones,West,Rep_12,12,39.2,470.4,3.4
TXN_001108,2023-01-11,Laptop,East,Rep_20,18,187.2,3369.6,4.1
TXN_001109,2023-01-14,Laptop,East,Rep_19,8,167.59,1340.72,2.9
TXN_001110,2023-04-28,Phone,South,Rep_01,16,162.5,2600.0,2.6
TXN_001111,2023-12-11,Phone,North,Rep_15,15,138.65,2079.75,3.4
TXN_001112,2023-12-05,Keyboard,East,Rep_17,2,39.42,78.84,1.1
TXN_001113,2023-01-23,Monitor,West,Rep_01,10,163.07,1630.7,3.2
TXN_001114,2023-12-03,Mouse,West,Rep_19,15,97.41,1461.15,1.1
TXN_001115,2023-03-29,Keyboard,West,Rep_09,15,17.22,258.3,4.7
TXN_001116,2023-01-28,Tablet,South,Rep_18,12,68.82,825.84,3.6
TXN_001117,2023-08-19,Phone,West,Rep_10,8,71.09,568.72,1.8
TXN_001118,2023-12-01,Webcam,North,Rep_07,9,56.5,508.5,3.9
TXN_001119,2023-02-06,Tablet,West,Rep_05,18,140.8,2534.4,4.6
TXN_001120,2023-11-20,Monitor,East,Rep_13,7,141.59,991.13,1.5
TXN_001121,2023-10-27,Phone,North,Rep_16,19,87.9,1670.1,1.3
TXN_001122,2023-02-26,Mouse,South,Rep_08,11,152.94,1682.34,3.7
TXN_001123,2023-12-25,Tablet,North,Rep_07,10,184.37,1843.7,3.9
TXN_001124,2023-07-05,Headphones,West,Rep_02,1,99.62,99.62,4.7
TXN_001125,2023-06-12,Tablet,North,Rep_20,6,106.07,636.42,3.6
TXN_001126,2023-08-11,Phone,East,Rep_11,2,61.37,122.74,2.3
TXN_001127,2023-09-01,Mouse,West,Rep_19,2,23.32,46.64,3.8
TXN_001128,2023-05-03,Mouse,West,Rep_13,6,153.68,922.08,4.3
TXN_001129,2023-02-20,Tablet,West,Rep_14,19,29.18,554.42,4.1
TXN_001130,2023-12-22,Tablet,North,Rep_04,17,196.48,3340.16,1.9
TXN_001131,2023-11-19,Webcam,East,Rep_18,17,58.41,992.97,3.0
TXN_001132,2023-07-08,Laptop,North,Rep_19,3,112.93,338.79,2.9
TXN_001133,2023-02-07,Mouse,South,Rep_14,15,35.75,536.25,4.7
TXN_001134,2023-12-05,Monitor,South,Rep_07,7,154.46,1081.22,2.8
TXN_001135,2023-01-23,Laptop,West,Rep_11,8,172.31,1378.48,1.4
TXN_001136,2023-09-30,Phone,North,Rep_11,15,189.75,2846.25,3.2
TXN_001137,2023-03-31,Laptop,South,Rep_18,9,113.81,1024.29,3.2
TXN_001138,2023-12-15,Headphones,West,Rep_03,10,113.34,1133.4,3.8
TXN_001139,2023-09-27,Phone,West,Rep_16,15,193.94,2909.1,1.5
TXN_001140,2023-04-24,Keyboard,East,Rep_15,5,18.94,94.7,1.7
TXN_001141,2023-01-04,Phone,South,Rep_11,1,168.31,168.31,2.3
TXN_001142,2023-03-03,Tablet,North,Rep_09,15,196.77,2951.55,2.0
TXN_001143,2023-03-11,Webcam,East,Rep_05,6,10.08,60.48,1.8
TXN_001144,2023-05-08,Webcam,South,Rep_07,5,33.97,169.85,1.1
TXN_001145,2023-07-21,Headphones,North,Rep_06,13,154.09,2003.17,1.2
TXN_001146,2023-02-28,Phone,North,Rep_17,5,49.49,247.45,4.7
TXN_001147,2023-02-25,Phone,North,Rep_01,5,192.75,963.75,3.0
TXN_001148,2023-06-09,Monitor,East,Rep_18,3,40.12,120.36,3.6
TXN_001149,2023-05-25,Laptop,West,Rep_20,4,80.97,323.88,2.0
TXN_001150,2023-02-12,Tablet,South,Rep_10,4,86.45,345.8,3.1
TXN_001151,2023-12-02,Webcam,South,Rep_16,6,137.02,822.12,3.6
TXN_001152,2023-03-06,Laptop,South,Rep_15,9,56.74,510.66,1.3
TXN_001153,2023-01-27,Webcam,West,Rep_09,12,118.96,1427.52,1.8
TXN_001154,2023-08-15,Webcam,East,Rep_04,14,198.63,2780.82,2.1
TXN_001155,2023-09-04,Monitor,South,Rep_17,11,189.37,2083.07,3.1
TXN_001156,2023-08-15,Keyboard,North,Rep_14,11,157.69,1734.59,1.2
TXN_001157,2023-05-12,Laptop,North,Rep_01,4,138.97,555.88,3.6
TXN_001158,2023-11-18,Laptop,North,Rep_11,6,39.29,235.74,1.8
TXN_001159,2023-01-02,Mouse,North,Rep_17,8,28.9,231.2,1.3
TXN_001160,2023-07-14,Laptop,East,Rep_13,13,121.87,1584.31,3.0
TXN_001161,2023-12-08,Keyboard,East,Rep_01,2,140.61,281.22,4.6
TXN_001162,2023-01-11,Tablet,West,Rep_14,7,133.47,934.29,3.1
TXN_001163,2023-04-17,Phone,East,Rep_17,17,180.06,3061.02,2.2
TXN_001164,2023-12-03,Keyboard,West,Rep_03,5,121.16,605.8,4.9
TXN_001165,2023-07-02,Headphones,North,Rep_12,7,90.6,634.2,3.1
TXN_001166,2023-01-21,Tablet,North,Rep_12,11,67.9,746.9,1.5
TXN_001167,2023-11-16,Monitor,North,Rep_20,5,45.72,228.6,2.9
TXN_001168,2023-09-17,Headphones,South,Rep_18,12,68.83,825.96,1.9
TXN_001169,2023-11-16,Keyboard,North,Rep_19,12,170.16,2041.92,1.9
TXN_001170,2023-04-10,Mouse,East,Rep_01,4,95.63,382.52,2.4
TXN_001171,2023-12-07,Keyboard,East,Rep_09,4,133.66,534.64,2.8
TXN_001172,2023-10-21,Headphones,West,Rep_03,9,27.86,250.74,2.6
TXN_001173,2023-03-02,Phone,North,Rep_14,14,101.1,1415.4,4.6
TXN_001174,2023-12-19,Keyboard,South,Rep_07,17,168.54,2865.18,2.3
TXN_001175,2023-10-12,Webcam,South,Rep_01,16,13.81,220.96,3.0
TXN_001176,2023-05-18,Keyboard,East,Rep_18,9,175.59,1580.31,1.2
TXN_001177,2023-03-28,Laptop,West,Rep_05,13,138.95,1806.35,4.8
TXN_001178,2023-03-02,Phone,West,Rep_18,13,74.0,962.0,1.9
TXN_001179,2023-11-05,Tablet,West,Rep_15,5,174.75,873.75,3.2
TXN_001180,2023-05-01,Laptop,West,Rep_07,2,52.8,105.6,2.3
TXN_001181,2023-06-10,Headphones,West,Rep_18,16,199.14,3186.24,4.3
TXN_001182,2023-02-11,Monitor,East,Rep_09,10,158.95,1589.5,3.6
TXN_001183,2023-01-16,Mouse,North,Rep_18,14,159.98,2239.72,3.2
TXN_001184,2023-05-21,Keyboard,North,Rep_15,16,26.08,417.28,1.6
TXN_001185,2023-03-26,Laptop,North,Rep_01,8,86.88,695.04,1.2
TXN_001186,2023-08-26,Phone,North,Rep_06,9,41.7,375.3,4.8
TXN_001187,2023-03-25,Webcam,West,Rep_08,19,118.81,2257.39,3.1
TXN_001188,2023-05-01,Webcam,South,Rep_14,13,54.28,705.64,3.7
TXN_001189,2023-03-12,Webcam,West,Rep_06,12,74.98,899.76,3.9
TXN_001190,2023-01-19,Webcam,West,Rep_04,14,144.28,2019.92,3.3
TXN_001191,2023-05-05,Tablet,South,Rep_09,1,137.64,137.64,3.7
TXN_001192,2023-10-10,Mouse,North,Rep_01,13,89.32,1161.16,1.3
TXN_001193,2023-01-06,Mouse,North,Rep_18,5,147.73,738.65,4.5
TXN_001194,2023-05-16,Keyboard,South,Rep_18,5,67.87,339.35,3.3
TXN_001195,2023-02-02,Webcam,East,Rep_06,7,45.7,319.9,4.2
TXN_001196,2023-11-30,Phone,South,Rep_16,16,181.36,2901.76,2.8
TXN_001197,2023-05-24,Laptop,North,Rep_08,5,194.53,972.65,3.7
TXN_001198,2023-09-25,Phone,South,Rep_12,3,75.98,227.94,1.6
TXN_001199,2023-07-29,Tablet,North,Rep_02,7,119.61,837.27,4.5
TXN_001200,2023-07-16,Tablet,North,Rep_10,7,72.06,504.42,2.8
TXN_001201,2023-09-29,Webcam,North,Rep_04,5,41.3,206.5,2.9
TXN_001202,2023-09-15,Phone,East,Rep_13,18,38.02,684.36,4.2
TXN_001203,2023-07-12,Headphones,North,Rep_09,4,30.93,123.72,3.6
TXN_001204,2023-01-07,Phone,North,Rep_06,5,66.81,334.05,2.1
TXN_001205,2023-07-27,Headphones,North,Rep_13,10,175.48,1754.8,1.7
TXN_001206,2023-02-16,Monitor,South,Rep_10,11,197.4,2171.4,4.0
TXN_001207,2023-06-06,Keyboard,East,Rep_07,1,20.15,20.15,3.3
TXN_001208,2023-01-15,Keyboard,North,Rep_06,7,61.73,432.11,3.9
TXN_001209,2023-11-26,Keyboard,East,Rep_01,19,177.67,3375.73,3.7
TXN_001210,2023-04-25,Monitor,North,Rep_01,16,75.36,1205.76,1.4
TXN_001211,2023-03-19,Headphones,West,Rep_19,14,142.02,1988.28,3.2
TXN_001212,2023-07-30,Phone,East,Rep_14,9,16.35,147.15,2.8
TXN_001213,2023-04-22,Tablet,North,Rep_13,6,185.24,1111.44,1.2
TXN_001214,2023-05-04,Webcam,North,Rep_02,8,30.83,246.64,1.6
TXN_001215,2023-02-17,Keyboard,West,Rep_08,17,187.4,3185.8,1.7
TXN_001216,2023-11-27,Phone,North,Rep_19,2,26.64,53.28,3.7
TXN_001217,2023-09-27,Mouse,East,Rep_19,12,41.15,493.8,2.9
TXN_001218,2023-10-08,Monitor,North,Rep_12,2,185.07,370.14,3.8
TXN_001219,2023-08-21,Tablet,South,Rep_18,6,56.97,341.82,4.6
TXN_001220,2023-04-26,Headphones,East,Rep_07,16,26.67,426.72,3.5
TXN_001221,2023-10-15,Headphones,East,Rep_01,19,29.56,561.64,2.2
TXN_001222,2023-01-05,Headphones,South,Rep_03,10,74.8,748.0,2.7
TXN_001223,2023-05-18,Monitor,West,Rep_15,8,64.78,518.24,4.8
TXN_001224,2023-06-23,Tablet,North,Rep_01,14,185.6,2598.4,2.6
TXN_001225,2023-02-02,Laptop,East,Rep_06,3,187.45,562.35,4.4
TXN_001226,2023-11-09,Webcam,North,Rep_09,1,17.19,17.19,3.7
TXN_001227,2023-06-24,Monitor,South,Rep_18,5,198.24,991.2,2.0
TXN_001228,2023-12-21,Monitor,South,Rep_01,7,20.74,145.18,2.8
TXN_001229,2023-01-31,Tablet,East,Rep_11,2,188.7,377.4,3.5
TXN_001230,2023-01-18,Phone,North,Rep_03,7,145.9,1021.3,4.4
TXN_001231,2023-02-04,Laptop,West,Rep_20,12,116.53,1398.36,2.7
TXN_001232,2023-06-15,Tablet,South,Rep_17,15,96.58,1448.7,2.9
TXN_001233,2023-04-15,Mouse,West,Rep_15,13,22.78,296.14,4.4
TXN_001234,2023-09-13,Tablet,West,Rep_09,16,16.33,261.28,2.2
TXN_001235,2023-08-21,Tablet,South,Rep_10,8,107.34,858.72,2.6
TXN_001236,2023-11-29,Mouse,East,Rep_16,11,47.37,521.07,1.1
TXN_001237,2023-07-03,Monitor,South,Rep_18,6,81.18,487.08,2.4
TXN_001238,2023-05-07,Keyboard,East,Rep_09,18,169.45,3050.1,2.3
TXN_001239,2023-07-13,Phone,West,Rep_20,18,92.79,1670.22,2.7
TXN_001240,2023-01-26,Keyboard,East,Rep_13,17,107.39,1825.63,4.3
TXN_001241,2023-07-26,Phone,West,Rep_17,15,101.54,1523.1,3.0
TXN_001242,2023-09-04,Monitor,East,Rep_06,13,103.22,1341.86,3.0
TXN_001243,2023-01-21,Keyboard,East,Rep_13,10,71.67,716.7,2.9
TXN_001244,2023-07-12,Headphones,West,Rep_15,16,161.25,2580.0,4.2
TXN_001245,2023-07-03,Headphones,North,Rep_17,3,92.12,276.36,2.0
TXN_001246,2023-01-26,Phone,North,Rep_07,11,132.28,1455.08,3.8
TXN_001247,2023-02-20,Keyboard,North,Rep_15,3,172.14,516.42,1.4
TXN_001248,2023-05-22,Headphones,South,Rep_01,13,195.71,2544.23,1.5
TXN_001249,2023-05-07,Webcam,East,Rep_16,6,178.88,1073.28,3.6
TXN_001250,2023-04-15,Monitor,North,Rep_12,17,82.47,1401.99,3.9
TXN_001251,2023-11-07,Headphones,South,Rep_15,2,190.54,381.08,3.8
TXN_001252,2023-02-07,Monitor,East,Rep_11,16,137.18,2194.88,1.2
TXN_001253,2023-07-18,Tablet,West,Rep_05,7,99.01,693.07,1.1
TXN_001254,2023-06-07,Keyboard,South,Rep_19,19,180.07,3421.33,2.0
TXN_001255,2023-09-16,Laptop,North,Rep_09,11,183.82,2022.02,4.0
TXN_001256,2023-12-28,Keyboard,East,Rep_08,5,50.09,250.45,2.2
TXN_001257,2023-11-16,Webcam,North,Rep_09,3,66.56,199.68,3.7
TXN_001258,2023-05-29,Mouse,South,Rep_03,2,116.37,232.74,1.8
TXN_001259,2023-07-15,Phone,South,Rep_10,18,29.85,537.3,2.4
TXN_001260,2023-09-30,Mouse,West,Rep_02,16,166.0,2656.0,4.4
TXN_001261,2023-09-17,Phone,West,Rep_08,4,52.04,208.16,2.9
TXN_001262,2023-01-31,Mouse,East,Rep_03,12,179.88,2158.56,2.3
TXN_001263,2023-01-29,Tablet,West,Rep_08,19,87.16,1656.04,4.3
TXN_001264,2023-12-30,Laptop,East,Rep_14,10,160.84,1608.4,4.1
TXN_001265,2023-12-10,Headphones,North,Rep_01,10,111.36,1113.6,2.1
TXN_001266,2023-04-24,Phone,North,Rep_15,19,95.69,1818.11,2.1
TXN_001267,2023-07-12,Webcam,East,Rep_12,19,43.38,824.22,3.6
TXN_001268,2023-04-02,Tablet,North,Rep_07,6,44.81,268.86,3.5
TXN_001269,2023-06-29,Tablet,West,Rep_09,15,42.25,633.75,1.0
TXN_001270,2023-09-20,Headphones,South,Rep_11,17,49.77,846.09,2.7
TXN_001271,2023-10-09,Mouse,West,Rep_15,9,57.49,517.41,3.1
TXN_001272,2023-02-11,Mouse,West,Rep_09,17,157.76,2681.92,3.7
TXN_001273,2023-02-17,Monitor,South,Rep_13,6,19.89,119.34,2.8
TXN_001274,2023-09-11,Keyboard,West,Rep_10,11,70.84,779.24,1.8
TXN_001275,2023-09-11,Monitor,South,Rep_08,11,163.4,1797.4,4.8
TXN_001276,2023-06-05,Monitor,South,Rep_18,19,91.3,1734.7,3.0
TXN_001277,2023-01-16,Phone,West,Rep_19,10,136.04,1360.4,4.0
TXN_001278,2023-03-14,Webcam,South,Rep_11,16,123.04,1968.64,4.9
TXN_001279,2023-11-20,Laptop,North,Rep_04,13,59.84,777.92,1.9
TXN_001280,2023-07-23,Monitor,West,Rep_05,5,100.31,501.55,2.2
TXN_001281,2023-09-10,Tablet,South,Rep_19,10,176.32,1763.2,1.1
TXN_001282,2023-11-14,Webcam,East,Rep_15,6,67.71,406.26,2.0
TXN_001283,2023-11-03,Webcam,West,Rep_19,4,29.6,118.4,1.7
TXN_001284,2023-11-26,Webcam,East,Rep_19,6,86.44,518.64,1.5
TXN_001285,2023-04-05,Headphones,South,Rep_19,17,81.5,1385.5,1.4
TXN_001286,2023-12-15,Mouse,West,Rep_19,4,133.66,534.64,2.2
TXN_001287,2023-05-14,Tablet,West,Rep_15,1,148.8,148.8,1.0
TXN_001288,2023-09-06,Laptop,West,Rep_07,10,64.87,648.7,1.8
TXN_001289,2023-05-02,Tablet,South,Rep_17,6,85.05,510.3,2.4
TXN_001290,2023-07-19,Phone,East,Rep_03,16,22.52,360.32,4.7
TXN_001291,2023-06-14,Laptop,West,Rep_01,5,156.5,782.5,1.2
TXN_001292,2023-02-03,Tablet,North,Rep_12,7,154.54,1081.78,2.5
TXN_001293,2023-07-31,Monitor,North,Rep_10,19,69.54,1321.26,4.7
TXN_001294,2023-02-03,Mouse,East,Rep_10,3,74.95,224.85,4.9
TXN_001295,2023-12-01,Webcam,North,Rep_07,6,10.86,65.16,4.2
TXN_001296,2023-04-03,Phone,South,Rep_03,5,29.33,146.65,3.8
TXN_001297,2023-04-24,Phone,East,Rep_05,2,88.23,176.46,2.4
TXN_001298,2023-10-20,Monitor,West,Rep_18,3,161.58,484.74,1.8
TXN_001299,2023-06-03,Laptop,West,Rep_12,17,196.4,3338.8,1.1
TXN_001300,2023-04-18,Monitor,North,Rep_16,10,134.85,1348.5,4.3
TXN_001301,2023-07-01,Mouse,North,Rep_09,11,23.23,255.53,3.6
TXN_001302,2023-11-26,Laptop,South,Rep_13,17,85.64,1455.88,1.9
TXN_001303,2023-05-15,Keyboard,East,Rep_12,7,163.97,1147.79,4.6
TXN_001304,2023-10-25,Monitor,West,Rep_05,10,93.02,930.2,3.1
TXN_001305,2023-09-09,Phone,South,Rep_18,3,191.67,575.01,4.3
TXN_001306,2023-12-25,Laptop,West,Rep_06,15,33.69,505.35,5.0
TXN_001307,2023-07-27,Keyboard,South,Rep_13,3,127.13,381.39,4.4
TXN_001308,2023-11-19,Keyboard,South,Rep_12,3,174.72,524.16,1.2
TXN_001309,2023-11-04,Tablet,South,Rep_19,8,113.27,906.16,3.7
TXN_001310,2023-06-01,Headphones,South,Rep_06,4,181.69,726.76,2.7
TXN_001311,2023-09-02,Monitor,West,Rep_11,18,85.7,1542.6,2.3
TXN_001312,2023-12-07,Tablet,East,Rep_16,11,41.09,451.99,2.9
TXN_001313,2023-01-31,Headphones,South,Rep_12,6,16.24,97.44,2.7
TXN_001314,2023-09-29,Laptop,West,Rep_06,9,103.04,927.36,2.4
TXN_001315,2023-02-10,Laptop,West,Rep_16,6,110.28,661.68,1.9
TXN_001316,2023-05-14,Phone,North,Rep_17,4,155.09,620.36,3.5
TXN_001317,2023-08-02,Mouse,South,Rep_02,15,112.25,1683.75,1.7
TXN_001318,2023-10-10,Mouse,North,Rep_13,7,90.45,633.15,3.3
TXN_001319,2023-12-09,Tablet,North,Rep_12,12,143.59,1723.08,1.4
TXN_001320,2023-05-15,Keyboard,North,Rep_16,19,151.79,2884.01,3.8
TXN_001321,2023-12-24,Tablet,South,Rep_10,16,191.8,3068.8,4.4
TXN_001322,2023-01-14,Tablet,South,Rep_12,6,10.71,64.26,2.5
TXN_001323,2023-07-15,Keyboard,West,Rep_20,15,156.76,2351.4,4.6
TXN_001324,2023-01-08,Webcam,North,Rep_20,16,151.72,2427.52,2.0
TXN_001325,2023-04-06,Monitor,West,Rep_19,6,34.76,208.56,3.8
TXN_001326,2023-03-18,Phone,East,Rep_08,1,15.77,15.77,2.1
TXN_001327,2023-02-01,Monitor,West,Rep_20,14,46.45,650.3,2.7
TXN_001328,2023-11-14,Laptop,South,Rep_12,13,134.26,1745.38,3.8
TXN_001329,2023-05-22,Mouse,East,Rep_15,14,55.97,783.58,1.5
TXN_001330,2023-08-31,Headphones,North,Rep_03,9,183.26,1649.34,4.4
TXN_001331,2023-05-24,Laptop,South,Rep_14,13,181.28,2356.64,5.0
TXN_001332,2023-11-05,Phone,East,Rep_01,15,66.04,990.6,1.1
TXN_001333,2023-09-29,Keyboard,North,Rep_01,13,182.49,2372.37,4.1
TXN_001334,2023-10-30,Laptop,West,Rep_15,13,57.11,742.43,2.3
TXN_001335,2023-12-13,Laptop,South,Rep_12,7,155.17,1086.19,1.3
TXN_001336,2023-03-02,Phone,East,Rep_01,8,188.82,1510.56,4.9
TXN_001337,2023-03-09,Laptop,East,Rep_12,1,42.33,42.33,3.2
TXN_001338,2023-04-05,Keyboard,East,Rep_06,10,136.37,1363.7,1.0
TXN_001339,2023-03-01,Mouse,East,Rep_07,17,45.25,769.25,3.8
TXN_001340,2023-03-10,Headphones,North,Rep_13,18,60.07,1081.26,2.8
TXN_001341,2023-03-03,Mouse,South,Rep_16,5,91.02,455.1,3.8
TXN_001342,2023-01-04,Headphones,North,Rep_03,8,194.04,1552.32,3.2
TXN_001343,2023-10-20,Phone,West,Rep_20,15,43.56,653.4,3.9
TXN_001344,2023-12-19,Webcam,East,Rep_08,5,34.24,171.2,2.6
TXN_001345,2023-02-07,Monitor,North,Rep_12,15,80.99,1214.85,4.9
TXN_001346,2023-12-15,Phone,South,Rep_12,17,88.51,1504.67,3.3
TXN_001347,2023-08-22,Headphones,North,Rep_20,9,42.4,381.6,2.9
TXN_001348,2023-05-15,Keyboard,East,Rep_09,4,180.98,723.92,4.8
TXN_001349,2023-02-10,Phone,East,Rep_18,4,47.74,190.96,1.3
TXN_001350,2023-10-26,Monitor,West,Rep_18,12,75.46,905.52,4.1
TXN_001351,2023-11-25,Headphones,East,Rep_02,17,162.88,2768.96,4.1
TXN_001352,2023-11-21,Keyboard,South,Rep_04,3,171.0,513.0,3.4
TXN_001353,2023-02-14,Laptop,North,Rep_01,11,110.63,1216.93,3.6
TXN_001354,2023-10-09,Laptop,West,Rep_15,10,177.09,1770.9,1.3
TXN_001355,2023-07-03,Tablet,North,Rep_01,9,89.45,805.05,3.3
TXN_001356,2023-05-27,Mouse,East,Rep_15,8,196.41,1571.28,3.6
TXN_001357,2023-09-10,Keyboard,East,Rep_18,11,120.65,1327.15,1.1
TXN_001358,2023-02-03,Phone,East,Rep_10,7,91.79,642.53,1.9
TXN_001359,2023-06-15,Webcam,East,Rep_19,14,163.9,2294.6,2.8
TXN_001360,2023-05-23,Monitor,North,Rep_09,13,89.44,1162.72,3.1
TXN_001361,2023-04-08,Monitor,South,Rep_12,16,27.32,437.12,3.6
TXN_001362,2023-02-13,Mouse,South,Rep_04,12,104.91,1258.92,3.1
TXN_001363,2023-05-24,Phone,East,Rep_20,2,92.41,184.82,4.7
TXN_001364,2023-01-10,Mouse,South,Rep_19,15,134.22,2013.3,4.8
TXN_001365,2023-09-23,Headphones,West,Rep_10,2,16.51,33.02,3.4
TXN_001366,2023-12-03,Tablet,North,Rep_11,5,181.84,909.2,1.7
TXN_001367,2023-11-02,Headphones,North,Rep_07,4,133.22,532.88,1.8
TXN_001368,2023-10-27,Keyboard,West,Rep_10,1,60.12,60.12,1.0
TXN_001369,2023-03-31,Monitor,East,Rep_17,12,183.57,2202.84,4.7
TXN_001370,2023-09-23,Phone,West,Rep_05,6,55.08,330.48,4.6
TXN_001371,2023-07-11,Mouse,West,Rep_02,11,147.48,1622.28,3.7
TXN_001372,2023-04-27,Laptop,West,Rep_05,19,170.59,3241.21,4.6
TXN_001373,2023-10-19,Laptop,South,Rep_12,2,51.81,103.62,4.3
TXN_001374,2023-11-03,Webcam,South,Rep_08,11,43.46,478.06,2.8
TXN_001375,2023-11-24,Laptop,East,Rep_08,14,84.31,1180.34,2.7
TXN_001376,2023-04-21,Mouse,North,Rep_19,14,92.05,1288.7,1.1
TXN_001377,2023-11-04,Headphones,East,Rep_02,5,33.48,167.4,4.0
TXN_001378,2023-11-30,Phone,West,Rep_16,10,50.54,505.4,3.9
TXN_001379,2023-08-10,Laptop,North,Rep_13,11,162.78,1790.58,2.0
TXN_001380,2023-02-16,Phone,West,Rep_06,7,103.18,722.26,1.5
TXN_001381,2023-12-12,Monitor,East,Rep_10,14,156.85,2195.9,4.2
TXN_001382,2023-04-26,Headphones,West,Rep_10,13,92.81,1206.53,3.9
TXN_001383,2023-11-05,Webcam,South,Rep_20,5,193.28,966.4,2.3
TXN_001384,2023-04-30,Mouse,North,Rep_19,15,101.89,1528.35,3.0
TXN_001385,2023-09-19,Webcam,West,Rep_20,18,114.91,2068.38,2.7
TXN_001386,2023-05-13,Tablet,East,Rep_16,2,33.35,66.7,1.3
TXN_001387,2023-03-19,Monitor,North,Rep_15,1,65.92,65.92,2.4
TXN_001388,2023-06-09,Phone,South,Rep_16,7,25.94,181.58,4.9
TXN_001389,2023-08-03,Webcam,North,Rep_06,10,89.17,891.7,4.4
TXN_001390,2023-11-05,Phone,South,Rep_18,12,134.53,1614.36,4.8
TXN_001391,2023-04-13,Phone,North,Rep_17,13,121.0,1573.0,2.4
TXN_001392,2023-05-21,Mouse,North,Rep_19,2,13.62,27.24,3.0
TXN_001393,2023-09-11,Phone,North,Rep_17,10,184.82,1848.2,3.8
TXN_001394,2023-02-15,Monitor,South,Rep_09,5,22.25,111.25,2.8
TXN_001395,2023-09-08,Monitor,South,Rep_11,8,158.94,1271.52,3.8
TXN_001396,2023-11-15,Tablet,West,Rep_15,18,184.25,3316.5,1.4
TXN_001397,2023-11-27,Mouse,East,Rep_13,11,28.03,308.33,4.3
TXN_001398,2023-04-19,Headphones,West,Rep_12,1,183.69,183.69,3.8
TXN_001399,2023-08-18,Webcam,West,Rep_02,15,85.87,1288.05,1.7
TXN_001400,2023-02-25,Headphones,North,Rep_08,7,123.73,866.11,3.3
TXN_001401,2023-03-28,Tablet,South,Rep_04,12,79.37,952.44,4.0
TXN_001402,2023-02-17,Phone,South,Rep_18,8,31.2,249.6,3.9
TXN_001403,2023-12-26,Webcam,South,Rep_17,6,50.97,305.82,3.1
TXN_001404,2023-09-25,Laptop,East,Rep_05,19,30.99,588.81,3.6
TXN_001405,2023-06-15,Headphones,South,Rep_11,14,41.2,576.8,2.6
TXN_001406,2023-12-22,Webcam,South,Rep_20,6,136.84,821.04,1.4
TXN_001407,2023-07-08,Headphones,West,Rep_03,1,69.54,69.54,2.3
TXN_001408,2023-12-09,Headphones,North,Rep_20,19,158.49,3011.31,2.1
TXN_001409,2023-11-14,Tablet,North,Rep_04,2,117.32,234.64,1.1
TXN_001410,2023-03-27,Phone,West,Rep_15,18,74.77,1345.86,3.1
TXN_001411,2023-07-20,Headphones,West,Rep_06,17,122.46,2081.82,2.7
TXN_001412,2023-12-09,Phone,North,Rep_20,15,62.25,933.75,1.7
TXN_001413,2023-04-10,Monitor,North,Rep_11,13,132.32,1720.16,4.0
TXN_001414,2023-07-27,Phone,East,Rep_12,12,142.34,1708.08,3.8
TXN_001415,2023-09-30,Monitor,East,Rep_16,19,139.16,2644.04,1.4
TXN_001416,2023-12-07,Mouse,West,Rep_05,8,30.51,244.08,1.2
TXN_001417,2023-03-02,Laptop,West,Rep_17,15,129.71,1945.65,2.6
TXN_001418,2023-11-11,Phone,North,Rep_19,1,64.47,64.47,1.2
TXN_001419,2023-09-26,Laptop,South,Rep_14,6,29.72,178.32,2.2
TXN_001420,2023-05-18,Monitor,West,Rep_19,19,31.44,597.36,3.1
TXN_001421,2023-02-26,Webcam,North,Rep_07,6,79.94,479.64,2.4
TXN_001422,2023-01-26,Monitor,South,Rep_13,19,168.32,3198.08,2.6
TXN_001423,2023-09-03,Laptop,West,Rep_08,13,130.48,1696.24,2.7
TXN_001424,2023-10-01,Phone,South,Rep_04,12,136.12,1633.44,5.0
TXN_001425,2023-09-21,Phone,West,Rep_15,11,17.75,195.25,4.8
TXN_001426,2023-12-18,Headphones,East,Rep_16,14,48.22,675.08,3.0
TXN_001427,2023-11-22,Keyboard,North,Rep_02,13,186.77,2428.01,2.1
TXN_001428,2023-06-14,Headphones,South,Rep_16,19,80.3,1525.7,3.1
TXN_001429,2023-07-26,Webcam,North,Rep_18,13,74.21,964.73,4.0
TXN_001430,2023-10-30,Phone,North,Rep_19,5,128.76,643.8,3.4
TXN_001431,2023-05-08,Headphones,North,Rep_20,10,143.41,1434.1,2.2
TXN_001432,2023-09-08,Phone,West,Rep_03,4,156.6,626.4,1.5
TXN_001433,2023-05-31,Tablet,North,Rep_06,2,186.8,373.6,1.9
TXN_001434,2023-04-19,Headphones,East,Rep_03,18,110.28,1985.04,1.2
TXN_001435,2023-10-31,Webcam,East,Rep_12,12,197.34,2368.08,2.0
TXN_001436,2023-09-10,Webcam,North,Rep_06,17,177.25,3013.25,4.8
TXN_001437,2023-05-18,Tablet,West,Rep_14,17,56.48,960.16,2.1
TXN_001438,2023-06-23,Mouse,West,Rep_18,11,135.59,1491.49,4.8
TXN_001439,2023-07-21,Tablet,West,Rep_06,5,15.96,79.8,2.6
TXN_001440,2023-04-05,Mouse,East,Rep_17,5,87.75,438.75,1.7
TXN_001441,2023-06-11,Monitor,East,Rep_10,1,131.76,131.76,1.8
TXN_001442,2023-08-05,Phone,South,Rep_14,5,115.82,579.1,4.1
TXN_001443,2023-02-09,Laptop,East,Rep_11,3,165.89,497.67,2.4
TXN_001444,2023-12-31,Webcam,West,Rep_11,7,93.3,653.1,3.5
TXN_001445,2023-01-20,Webcam,North,Rep_16,15,161.61,2424.15,1.2
TXN_001446,2023-03-14,Laptop,South,Rep_19,17,137.67,2340.39,1.9
TXN_001447,2023-11-29,Headphones,West,Rep_10,15,99.26,1488.9,4.2
TXN_001448,2023-05-06,Webcam,East,Rep_14,12,112.18,1346.16,3.3
TXN_001449,2023-12-17,Webcam,South,Rep_03,4,123.87,495.48,2.6
TXN_001450,2023-04-20,Phone,North,Rep_10,19,81.32,1545.08,4.8
TXN_001451,2023-12-21,Webcam,East,Rep_19,11,72.59,798.49,2.0
TXN_001452,2023-04-19,Laptop,North,Rep_04,10,121.96,1219.6,4.6
TXN_001453,2023-05-27,Monitor,East,Rep_09,11,179.16,1970.76,1.5
TXN_001454,2023-09-16,Webcam,East,Rep_08,16,20.58,329.28,1.1
TXN_001455,2023-12-18,Tablet,South,Rep_03,12,73.6,883.2,3.1
TXN_001456,2023-05-26,Phone,North,Rep_08,14,61.03,854.42,2.6
TXN_001457,2023-10-06,Mouse,West,Rep_06,15,163.37,2450.55,1.7
TXN_001458,2023-08-05,Mouse,East,Rep_16,15,92.58,1388.7,4.1
TXN_001459,2023-07-30,Mouse,South,Rep_18,5,191.89,959.45,2.2
TXN_001460,2023-03-10,Tablet,West,Rep_09,16,82.41,1318.56,4.9
TXN_001461,2023-02-17,Webcam,North,Rep_04,15,199.37,2990.55,4.8
TXN_001462,2023-08-28,Monitor,North,Rep_14,16,170.8,2732.8,3.4
TXN_001463,2023-02-25,Tablet,South,Rep_18,4,161.09,644.36,3.3
TXN_001464,2023-12-01,Phone,East,Rep_16,5,176.39,881.95,1.4
TXN_001465,2023-02-05,Phone,West,Rep_02,8,22.18,177.44,3.9
TXN_001466,2023-01-17,Phone,West,Rep_11,4,60.32,241.28,3.2
TXN_001467,2023-10-25,Laptop,West,Rep_13,11,162.95,1792.45,3.9
TXN_001468,2023-05-26,Mouse,East,Rep_17,16,127.08,2033.28,4.9
TXN_001469,2023-04-25,Headphones,East,Rep_15,14,181.87,2546.18,4.1
TXN_001470,2023-02-12,Webcam,West,Rep_06,5,50.14,250.7,2.2
TXN_001471,2023-04-20,Mouse,West,Rep_11,9,154.73,1392.57,3.4
TXN_001472,2023-05-09,Keyboard,South,Rep_08,16,87.26,1396.16,4.5
TXN_001473,2023-09-14,Monitor,South,Rep_08,9,168.74,1518.66,3.9
TXN_001474,2023-10-25,Tablet,West,Rep_19,19,113.87,2163.53,4.2
TXN_001475,2023-03-07,Webcam,East,Rep_08,10,120.46,1204.6,4.5
TXN_001476,2023-04-14,Monitor,East,Rep_19,8,103.68,829.44,2.6
TXN_001477,2023-07-29,Laptop,East,Rep_07,17,43.87,745.79,2.5
TXN_001478,2023-03-12,Tablet,South,Rep_18,8,164.42,1315.36,3.2
TXN_001479,2023-06-30,Keyboard,South,Rep_17,7,11.54,80.78,1.5
TXN_001480,2023-05-31,Keyboard,West,Rep_17,10,44.27,442.7,2.2
TXN_001481,2023-12-16,Phone,West,Rep_20,4,47.78,191.12,4.0
TXN_001482,2023-05-15,Webcam,South,Rep_06,13,123.65,1607.45,4.3
TXN_001483,2023-11-23,Webcam,North,Rep_13,7,127.06,889.42,4.8
TXN_001484,2023-11-12,Mouse,North,Rep_18,16,92.16,1474.56,4.7
TXN_001485,2023-02-26,Phone,North,Rep_20,17,59.98,1019.66,1.9
TXN_001486,2023-10-31,Phone,West,Rep_20,6,29.85,179.1,1.1
TXN_001487,2023-02-13,Monitor,North,Rep_04,18,71.41,1285.38,4.6
TXN_001488,2023-08-02,Tablet,East,Rep_17,10,82.24,822.4,5.0
TXN_001489,2023-08-22,Monitor,South,Rep_04,4,149.77,599.08,2.0
TXN_001490,2023-01-30,Tablet,East,Rep_16,4,63.66,254.64,2.9
TXN_001491,2023-03-13,Phone,East,Rep_16,1,49.33,49.33,3.6
TXN_001492,2023-09-20,Mouse,East,Rep_03,9,80.99,728.91,2.2
TXN_001493,2023-09-23,Headphones,East,Rep_17,16,180.86,2893.76,1.0
TXN_001494,2023-01-16,Webcam,East,Rep_05,4,105.26,421.04,1.7
TXN_001495,2023-08-08,Phone,South,Rep_11,5,120.94,604.7,4.8
TXN_001496,2023-06-17,Phone,West,Rep_17,18,190.6,3430.8,2.5
TXN_001497,2023-10-21,Phone,East,Rep_05,14,125.71,1759.94,1.2
TXN_001498,2023-06-20,Laptop,North,Rep_11,18,142.66,2567.88,2.0
TXN_001499,2023-01-29,Monitor,South,Rep_13,17,51.32,872.44,3.4
TXN_001500,2023-12-25,Monitor,South,Rep_05,13,179.26,2330.38,2.4
